v1,v2,v3,v4,v5,v6,v7,v8,v9,result
0,0,0,540,1279,1545,1866,1902,1987,359
0,180,0,511,1279,1543,1745,1892,1990,360
0,43,0,924,1337,1594,1769,1925,2015,366
0,44,0,927,1330,1599,1758,1920,1999,366
0,10,0,1062,1384,1623,1800,1941,2114,371
0,25,163,1079,1381,1630,1792,1945,2004,372
0,0,0,1333,1432,1655,1828,2058,2005,377
0,0,0,1140,1448,1670,1838,1961,2004,380
0,0,0,1159,1562,1674,1847,1964,2129,380
0,0,0,1223,1499,1702,1873,1971,2026,386
0,0,127,1222,1612,1720,1984,1973,2023,387
0,0,0,1253,1536,1737,2006,1989,2048,391
0,0,255,1279,1544,1746,1895,1990,2081,394
25,0,621,1486,1564,1766,1910,2003,2096,396
24,0,774,1500,1576,1779,2024,2084,2102,400
190,0,948,1346,1610,1800,1927,2006,2094,403
1,0,1023,1383,1756,1818,1940,2078,2098,405
0,0,1081,1403,1642,1828,1938,2017,2083,408
0,0,1111,1435,1656,1844,1956,2012,2063,412
0,0,1136,1455,1685,1859,1956,2019,2185,415
0,0,1169,1485,1702,1875,1972,2019,2053,418
0,0,1188,1485,1704,1870,1973,2021,2045,420
0,0,1238,1520,1732,1891,2096,2020,2028,423
0,70,1255,1536,1744,1909,1981,2049,2034,427
191,255,1264,1550,1750,1914,2002,2062,2019,429
0,721,1320,1584,1784,1925,2003,2107,2008,432
0,843,1337,1799,1800,1927,2001,2115,2003,435
0,942,1359,1612,1797,1945,2002,2102,2008,437
0,1233,1383,1804,1814,1942,2015,2083,1982,441
0,1080,1405,1655,1833,1951,2019,2080,1982,444
0,1130,1431,1868,1864,1957,2019,2066,1978,447
0,1160,1451,1686,1861,1974,2012,2050,1959,450
116,1171,1465,1702,1879,1973,2022,2053,1959,452
0,1205,1698,1720,1883,1991,2019,2031,1939,456
239,1239,1518,1735,1889,1988,2037,2032,1932,459
621,1265,1551,1764,1914,2003,2081,2022,1902,462
799,1304,1564,1768,1925,2005,2222,2016,1991,466
959,1318,1578,1984,1927,2005,2111,2005,1887,468
1008,1336,1595,1799,1920,2175,2093,2005,1875,471
1055,1351,1610,1812,1941,2003,2273,1993,1859,474
1107,1386,1625,1830,1940,2004,2075,1990,1953,477
1126,1401,1643,1831,2083,2013,2067,2072,1831,480
1171,1437,1672,1862,1959,2003,2054,1963,1818,483
1183,1452,1672,1855,1974,2022,2044,1956,1810,485
1217,1467,1704,1878,1973,2166,2043,2038,1779,489
1253,1499,1860,1896,1987,2045,2153,1943,1766,492
1279,1516,1733,2102,1988,2071,2024,1925,1748,495
1510,1544,1750,1920,2013,2098,2015,1903,1734,498
1328,1565,1770,2134,2158,2099,2109,1893,1701,501
1349,1578,1782,1938,2007,2094,2005,1873,1700,504
1381,1612,1971,1940,2000,2079,1989,1863,1770,507
1401,1633,1816,1942,2003,2058,1971,1846,1656,510
1429,1643,1830,1958,2137,2192,1975,1834,1624,514
1443,1658,1840,1960,1998,2057,1958,1818,1603,517
1466,1670,1845,1959,2129,2051,1958,1811,1613,519
1499,1690,1861,1981,2021,2041,1945,1781,1577,523
1514,1704,1881,1970,2187,2023,1927,1783,1561,525
1529,1730,1894,1995,2067,2026,1925,1743,1525,529
1546,1735,1893,2201,2084,2022,1904,1747,1536,530
1581,1765,1911,2006,2244,2006,1895,1726,1609,535
1595,1763,2089,2010,2096,2134,1899,1699,1480,537
1627,1963,1927,2005,2075,1987,1858,1671,1443,541
1630,1798,2102,2003,2063,1974,1867,1673,1442,543
1659,1968,1950,2015,2049,1978,1846,1745,1432,545
1818,1823,1955,2005,2048,1959,1812,1624,1435,551
1686,1853,1966,2000,2175,2072,1821,1608,1465,552
1702,1865,1974,2005,2034,1944,1780,1580,1599,555
1741,1873,1977,2036,2016,1920,1764,1552,1873,558
1729,1883,1976,2050,2016,1910,1743,1547,2037,561
1877,1892,1993,2086,2006,1906,1735,1626,2148,2148
1767,1910,2198,2101,1985,1874,1792,1491,2293,568
1784,2098,1987,2279,1997,1878,1701,1480,2367,571
1801,1927,1987,2086,1991,1861,1679,1470,2376,572
1810,1928,2006,2070,1968,1847,1774,1537,2393,576
1829,1944,2003,2050,1977,1935,1642,1437,2397,580
1846,2105,2007,2050,1959,1811,1631,1409,2363,582
1862,2117,2010,2030,2054,1795,1612,1449,2253,585
1861,1956,2005,2036,2069,1798,1592,1469,2294,587
1881,1972,2008,2019,1929,1768,1577,1689,1922,591
1898,1982,2038,2021,1907,1748,1541,1827,1527,594
1912,1992,2064,2000,2020,1732,1528,2111,1090,598
1913,1993,2081,2005,1894,1717,1508,2292,878,600
1936,1991,2101,2004,1872,1701,1499,2288,677,603
1928,2006,2082,1991,1858,1690,1478,2442,414,606
1941,2008,2082,1974,1844,1672,1441,2467,46,609
1942,2005,2066,1980,1828,1634,1529,2412,0,612
1945,2201,2065,1968,1831,1639,1426,2482,0,614
1962,2004,2051,1963,1812,1607,1523,2370,0,618
1975,2009,2043,1943,1798,1707,1445,2317,0,621
1972,2000,2030,1935,1778,1576,1530,2180,0,623
1976,2021,2018,1930,1762,1562,1657,1955,0,627
1991,2035,2016,1910,1749,1544,1889,1593,0,630
1991,2049,2020,1917,1734,1507,2079,1279,0,632
2004,2079,2009,1892,1695,1494,2211,896,0,636
2004,2104,2005,1875,1689,1480,2316,591,0,640
2005,2096,2009,1876,1687,1476,2332,500,0,641
2012,2081,2155,1852,1648,1577,2409,119,0,645
2010,2218,1979,1828,1642,1419,2394,0,0,648
2007,2062,1978,1828,1622,1418,2414,0,0,650
2179,2055,1953,1814,1610,1426,2380,0,0,654
2028,2171,1949,1785,1576,1529,2265,0,0,657
2023,2166,1938,1776,1562,1580,2180,0,60,659
2053,2182,1928,1773,1548,1781,1859,0,0,663
0,1,0,556,1279,1543,1751,1902,2002,359
0,151,0,557,1279,1546,1752,1892,2003,360
0,202,169,1087,1347,1573,1782,1930,1997,366
0,52,0,945,1490,1577,1784,1920,2117,366
0,10,86,1080,1395,1623,1813,2079,2009,371
0,26,0,1080,1401,1624,1814,2071,1999,1999
0,0,0,1138,1434,1658,1828,1950,2001,377
0,0,0,1141,1453,1663,1841,1957,2011,379
143,0,0,1171,1473,1695,1844,1957,2026,381
0,0,0,1221,1497,1699,1879,1968,2019,386
0,0,0,1240,1519,1721,1877,2115,2044,389
0,0,109,1253,1517,1849,1899,1994,2033,389
0,0,482,1279,1546,1752,1911,2004,2084,394
39,0,668,1317,1724,1764,1925,2001,2105,396
183,118,942,1513,1595,1780,1924,2008,2111,400
43,127,960,1374,1611,1795,1942,2022,2109,403
0,140,1023,1381,1773,1807,1948,2021,2108,405
140,0,1077,1402,1637,1832,1958,2159,2075,408
0,0,1127,1586,1673,1844,1958,2023,2065,412
0,0,1151,1460,1689,1863,1957,2017,2074,414
0,0,1183,1623,1705,1878,1981,2020,2050,418
0,0,1204,1498,1718,1991,1972,2013,2047,420
0,0,1237,1512,1735,1895,1982,2033,2032,423
0,121,1269,1542,1757,1913,2004,2058,2030,427
0,309,1279,1567,1766,1906,2003,2081,2035,429
0,760,1460,1572,1776,1920,2004,2258,2022,432
0,883,1327,1611,1799,1939,2144,2110,2013,435
121,1116,1346,1609,1812,1945,2019,2100,2002,437
0,1060,1387,1648,1832,1958,2023,2082,1993,442
0,1079,1400,1656,1959,1967,2015,2079,1991,444
0,1130,1437,1673,1860,1961,2022,2214,1975,447
0,1170,1466,1687,1876,1968,2022,2052,1967,451
0,1171,1470,1698,1877,1971,2132,2060,1964,452
0,1209,1496,1717,1899,1988,2022,2033,1945,456
276,1231,1530,1735,1912,1987,2046,2027,1933,459
669,1279,1548,1761,1909,2120,2216,2021,1910,462
1023,1301,1565,1783,1926,2002,2096,2025,1908,466
975,1317,1738,1801,1926,2003,2110,2006,1878,468
1021,1333,1598,1798,1942,2005,2107,2007,1869,472
1062,1359,1617,1813,1942,2160,2094,2149,1861,474
1110,1396,1646,1823,1961,2020,2212,1999,1843,478
1135,1426,1656,1845,1950,2153,2060,1976,1827,480
1172,1443,1803,1860,1976,2019,2054,1982,1909,484
1203,1447,1673,1853,1976,2022,2186,1958,1809,485
1217,1487,1697,2021,1972,2016,2033,1940,1780,489
1254,1501,1713,1891,1989,2049,2037,1928,1767,492
1279,1536,1744,1905,2104,2068,2020,1924,1752,495
1317,1547,1752,1911,1999,2089,2027,1911,1737,499
1335,1563,1766,1930,1998,2092,2004,1892,1706,501
1497,1576,1779,1928,2018,2091,2006,1878,1701,504
1378,1747,1977,1943,2004,2087,1994,1975,1663,507
1413,1633,1816,1942,2012,2071,1989,1845,1653,510
1433,1638,1832,1950,2007,2046,1964,1825,1715,514
1463,1673,1845,1957,2003,2054,2069,1819,1612,517
1464,1679,1844,2093,2006,2050,2084,1821,1615,519
1658,1687,1877,1979,2017,2038,1940,1779,1583,523
1519,1701,1876,1995,2035,2044,2049,1784,1558,525
1547,1863,1893,1986,2076,2020,1909,1753,1524,529
1563,1881,1915,1988,2102,2017,1911,1877,1513,530
1581,1764,1904,2006,2089,2013,1893,1718,1495,535
1592,1767,1930,2004,2096,2006,1870,1703,1473,537
1622,1800,1927,2151,2082,1991,1870,1670,1454,541
1776,1795,1951,2001,2062,1993,2001,1819,1448,543
1658,1812,1945,2003,2050,1969,1964,1637,1434,545
1675,1832,1960,2003,2044,1955,1814,1624,1435,551
1688,1845,1959,2006,2031,1959,1842,1707,1467,552
1702,1995,2118,2005,2033,1939,1783,1575,1639,555
1737,1876,1976,2183,2017,1927,1767,1560,1942,558
1747,1893,1992,2051,2025,1913,1748,1541,2065,561
1768,2029,1989,2084,2006,1905,1727,1529,2291,564
1766,1912,1998,2089,2006,1885,1804,1500,2303,568
1800,2037,2162,2087,1990,1878,1689,1483,2367,571
1799,2064,1999,2078,1991,1879,1689,1461,2465,572
1813,1929,2004,2064,1974,1842,1761,1446,2385,576
1831,1950,1998,2066,1975,1831,1637,1433,2394,579
1849,1945,2004,2052,1961,1809,1624,1536,2377,582
1859,1957,2001,2036,1935,1925,1609,1462,2220,585
1863,1957,2003,2035,1945,1797,1691,1493,2143,587
1878,1973,2005,2019,1932,1766,1574,1646,1841,591
1891,1974,2036,2019,1910,1879,1545,1860,1445,594
1911,1989,2069,2006,1894,1737,1530,2111,1180,598
1912,1988,2076,2002,1889,1718,1510,2340,821,600
1928,1988,2098,2010,1872,1702,1500,2302,571,603
1927,2007,2081,1987,1855,1812,1465,2363,292,606
1942,2002,2255,1979,1842,1654,1451,2403,40,609
1949,2145,2066,1979,1928,1648,1433,2411,0,612
1945,2004,2069,1969,1826,1773,1548,2559,0,614
1960,1999,2054,2124,1816,1603,1542,2367,62,618
1974,2007,2036,1943,1784,1590,1479,2251,0,621
1970,2005,2035,1943,1785,1577,1532,2191,77,623
1990,2016,2220,1926,1766,1562,1704,1889,0,627
1991,2034,2019,1906,1728,1532,1945,1500,0,630
1985,2192,2023,1911,1737,1523,2097,1299,0,632
2008,2089,2007,1893,1705,1498,2226,707,0,636
2003,2094,2008,1870,1689,1480,2319,554,0,640
2009,2096,2005,1876,1679,1606,2347,505,0,641
2009,2084,2160,1846,1652,1451,2407,51,0,645
2160,2076,1970,1829,1640,1436,2407,0,44,648
2013,2074,1972,1830,1628,1416,2407,0,0,650
2001,2051,1960,1814,1607,1433,2376,0,0,654
2010,2035,2140,1964,1571,1530,2236,0,0,657
2021,2035,1950,1784,1557,1596,2125,0,0,659
2053,2048,1927,1769,1543,1800,1810,0,0,663
0,0,0,572,1279,1650,1753,2018,1998,359
135,0,0,573,1279,1547,1749,1915,1990,360
0,179,0,944,1347,1597,1927,2008,2004,366
0,209,0,942,1348,1594,1778,1930,2002,366
0,0,0,1082,1399,1624,1811,1938,2002,371
0,9,0,1078,1394,1623,1917,1944,2003,2003
0,0,0,1136,1432,1778,1828,1949,2022,377
0,0,0,1139,1428,1658,1845,1961,2027,378
0,0,127,1194,1465,1686,1869,1970,2014,381
0,0,0,1220,1499,1695,1875,1976,2015,386
118,0,0,1256,1525,1734,1890,1985,2056,389
0,0,0,1255,1528,1734,1892,2161,2051,391
10,0,415,1304,1563,1747,1908,2001,2096,394
51,0,816,1317,1577,1764,1906,2006,2113,396
42,0,974,1333,1595,1781,1924,2003,2110,400
25,0,957,1366,1608,1793,1936,2016,2115,403
0,143,1199,1382,1625,1812,1940,2021,2093,405
0,0,0,1408,1640,1832,1968,2017,2079,408
0,0,1112,1599,1663,1838,1949,2021,2063,412
0,0,1145,1611,1688,1858,1971,2019,2156,414
0,0,1187,1482,1704,1868,1970,2019,2044,418
0,142,1189,1499,1718,1882,1991,2014,2048,420
0,0,1401,1672,1738,1887,1987,2035,2036,423
141,120,1269,1543,1749,1910,2007,2066,2037,427
138,331,1279,1561,1762,1915,2004,2083,2020,429
0,739,1495,1597,1784,1922,1999,2111,2016,432
0,898,1336,1610,1796,1951,2003,2116,2005,435
0,941,1349,1608,1815,2028,2002,2094,2123,437
0,1062,1381,1646,1828,1955,2022,2081,1991,442
145,1081,1575,1655,1836,1955,2021,2077,1993,444
0,1127,1434,1844,1975,1957,2019,2069,2100,447
0,1168,1466,1708,1875,1973,2018,2051,1962,451
0,1172,1469,1700,1874,1971,2019,2046,1953,452
7,1223,1498,1718,1891,1985,2016,2051,1946,456
292,1255,1530,1753,1909,1989,2194,2035,1929,460
671,1267,1542,1766,1909,2001,2078,2018,1910,462
836,1301,1561,1769,2075,2013,2096,2018,1904,466
972,1334,1573,1798,1951,2003,2117,2016,1893,468
1021,1336,1589,1799,1944,2005,2094,2007,1875,471
1061,1366,1820,1815,1945,2003,2100,1991,1860,474
1110,1402,1646,1829,1967,2021,2086,1990,1843,478
1139,1418,1658,1843,1958,2017,2061,1974,1832,480
1183,1451,1670,1869,1975,2018,2132,1966,1814,484
1183,1449,1672,2066,1981,2019,2050,1950,1810,485
1218,1482,1705,1878,1965,2016,2034,1948,1779,489
1268,1498,1719,1893,1984,2053,2035,2021,1758,492
1279,1529,1729,1910,1987,2065,2014,1923,1750,495
1318,1546,1771,1932,2006,2089,2109,1905,1817,499
1340,1564,1761,1923,2009,2206,2008,1997,1694,501
1343,1715,1782,1928,2005,2098,2005,1873,1685,504
1382,1605,1793,1942,2006,2079,1993,1860,1671,507
1420,1622,1815,2124,2007,2066,1989,1842,1657,510
1436,1656,1833,1955,2003,2050,1974,1825,1628,514
1461,1671,1845,1962,2003,2150,1957,1810,1609,517
1465,1675,1848,1974,2010,2060,1959,1815,1610,517
1499,1705,1877,1972,2111,2034,2061,1783,1580,523
1515,1701,2051,1991,2029,2029,1941,1777,1561,525
1544,1740,1889,1995,2080,2023,1927,1750,1532,529
1714,1729,1896,1991,2094,2021,1910,1751,1531,530
1585,1767,1916,2005,2096,2109,1896,1718,1480,535
1593,1780,1927,2004,2105,2002,2015,1711,1480,537
1628,1801,1947,2003,2079,1989,1862,1676,1447,542
1639,1801,1944,2004,2069,1990,1858,1673,1448,543
1656,1816,1942,2008,2043,1973,1846,1643,1430,545
1670,1831,1959,2003,2058,1960,1827,1626,1522,549
1687,1845,1956,2008,2033,1958,1815,1610,1478,552
1721,1858,1974,2005,2035,1945,1777,1584,1628,555
1729,1883,1974,2234,2024,1917,1767,1564,1961,558
1738,2074,2167,2069,2021,1909,1748,1545,2207,561
1752,2076,1991,2086,2005,1906,1731,1538,2212,564
1955,1912,1993,2276,2009,2006,1720,1499,2310,568
1799,1927,2004,2086,1993,1870,1702,1482,2370,571
1928,1927,2004,2079,1993,1859,1689,1463,2396,572
1811,1928,2005,2090,1972,1855,1674,1451,2541,576
1831,1951,2006,2050,1959,1831,1635,1436,2397,580
1840,2132,2011,2051,2093,1828,1626,1416,2376,582
2045,1950,2007,2036,1938,1797,1610,1465,2227,585
1855,1962,2008,2040,1944,1794,1724,1484,2347,587
1873,1974,1998,2021,1924,1768,1561,1663,1816,591
1896,1971,2039,2021,1909,1747,1548,1854,1512,594
1908,1990,2068,2008,1891,1737,1536,2110,1080,598
1912,1987,2082,2007,1891,1714,1512,2206,734,600
1928,1988,2094,2011,1874,1709,1498,2302,555,603
1928,2010,2099,2209,1860,1687,1481,2364,274,606
1943,2182,2085,1974,1846,1658,1443,2405,68,610
1946,2011,2061,1975,1822,1658,1432,2390,0,612
1954,2005,2065,1975,1831,1641,1561,2397,0,614
2127,2006,2051,1951,1812,1613,1417,2345,0,618
1978,2005,2037,1951,1779,1594,1486,2227,0,621
1981,2001,2040,1944,1780,1576,1549,2167,0,623
1991,2029,2023,1928,1758,1564,1709,1876,0,627
2123,2039,2185,1914,1745,1548,2066,1624,0,630
1989,2054,2023,1907,1732,1529,2105,1241,56,632
2006,2081,2012,1896,1796,1496,2230,913,0,636
2009,2095,2006,1875,1681,1482,2316,588,0,640
2010,2097,1996,1859,1688,1480,2346,484,0,640
2005,2085,1992,1848,1656,1562,2520,49,0,645
2152,2064,2166,1825,1640,1430,2413,0,0,648
2007,2070,2159,1830,1625,1409,2389,0,77,650
2009,2194,2137,1812,1592,1434,2357,0,0,654
2020,2037,1943,1788,1572,1536,2205,0,0,657
2025,2185,1949,1783,1660,1592,2127,0,0,659
2053,2031,1922,1769,1646,1750,2031,0,0,662
0,0,0,591,1303,1545,1866,1913,2003,360
0,0,0,0,1298,1542,1750,1918,2011,360
0,42,0,927,1349,1593,1783,2046,2008,366
0,42,0,945,1455,1597,1778,1928,1996,1996
0,52,0,1080,1397,1621,1809,1934,2092,371
0,10,0,1077,1399,1627,1807,2074,2005,372
0,0,0,1142,1429,1662,1844,1960,2018,377
0,0,0,1139,1443,1654,1847,1957,2011,378
0,0,0,1174,1474,1671,1843,1957,2003,380
0,0,0,0,1511,1716,1875,1965,2018,386
0,0,0,1232,1517,1711,1875,1998,2019,388
0,0,25,1253,1536,1733,1888,2105,2050,391
50,0,346,1279,1564,1751,2052,1994,2175,394
67,0,655,1519,1579,1765,1925,2007,2110,396
39,0,806,1338,1594,1784,1925,2004,2111,400
180,0,979,1365,1611,1800,1942,2016,2109,403
0,0,1047,1383,1623,1816,1940,2020,2099,405
0,0,1077,1416,1654,1932,1960,2019,2079,408
0,0,1114,1608,1670,1847,1956,2022,2062,411
107,0,1162,1467,1687,1863,1972,2020,2063,414
0,0,1183,1486,1705,1879,1976,2022,2048,418
0,0,0,1500,1723,1876,1990,2019,2041,420
0,0,1237,1517,1735,1894,1988,2035,2028,423
0,139,1442,1543,1752,2014,1998,2065,2037,427
0,332,1279,1567,1768,1909,2005,2085,2022,429
0,876,1322,1582,1799,1928,1998,2105,2029,433
0,890,1507,1607,1912,1962,2001,2109,2003,435
0,960,1349,1614,1814,1938,2021,2094,1998,437
0,1060,1382,1867,1957,1957,2022,2078,1990,442
0,1084,1403,1655,1827,1957,2012,2081,1988,444
0,1137,1433,1670,1855,1975,2013,2065,1975,447
0,1160,1453,1691,1878,1972,2017,2044,1953,450
86,1170,1460,1707,1869,1975,2018,2058,1959,452
0,1207,1492,1720,2026,1989,2018,2037,1933,456
511,1253,1517,1752,1904,1981,2044,2034,1924,460
670,1431,1553,1767,1904,2003,2085,2022,1904,462
856,1300,1571,1785,1921,2004,2097,2017,1910,466
939,1316,1577,1784,1920,2125,2118,2007,1897,468
1010,1328,1596,1799,1942,2004,2100,2007,1875,472
1061,1366,1614,1808,1948,2001,2096,1992,1859,474
1114,1403,1645,1837,1956,2018,2079,1995,1842,478
1129,1413,1643,1855,1965,2016,2066,1978,1828,480
1183,1448,1675,1868,1967,2020,2051,1964,1810,484
1183,1450,1681,1862,1977,2164,2201,1951,1812,485
1219,1487,1704,1885,1972,2152,2041,1945,1780,489
1270,1497,1713,1888,1995,2053,2190,1937,1763,492
1279,1721,1923,1915,2126,2072,2021,1929,1749,495
1315,1544,1941,1933,2151,2099,2022,1913,1732,499
1330,1561,1765,2138,2007,2092,2014,1892,1698,501
1365,1588,1782,1927,2007,2105,2003,1874,1690,504
1382,1784,1796,1939,2005,2079,1991,1858,1663,507
1412,1630,1813,1937,1998,2063,1993,1848,1654,510
1450,1660,1828,1962,2000,2050,1974,1831,1625,514
1444,1654,1850,1965,2011,2050,1963,1813,1609,516
1468,1673,1864,1954,1996,2042,1957,1816,1594,519
1500,1707,1877,1968,2012,2028,1944,1938,1656,1656
1517,1704,1870,2186,2036,2033,1924,1776,1567,525
1678,1744,1892,1994,2084,2025,1928,1760,1536,529
0,1751,1890,1988,2096,2014,1910,1733,1514,530
1571,1767,1905,2001,2100,2101,1897,1722,1495,535
1594,1763,1926,1998,2095,2002,1869,1703,1478,537
1626,1970,1943,2004,2085,1984,1863,1672,1450,541
1642,1815,1943,2008,2065,1994,1859,1671,1448,543
1663,1829,1943,2005,2043,1966,1844,1645,1433,545
1671,1848,1951,2000,2034,1957,1811,1823,1446,551
1681,1848,1958,2005,2034,1949,1811,1793,1479,552
1704,1854,1984,2024,2137,1941,1780,1578,1657,555
1735,1876,1976,2047,2145,1935,1771,1560,1940,558
1729,1880,1985,2070,2021,1907,1763,1542,2130,561
1754,1895,2145,2104,1998,1904,1731,1528,2210,564
1905,1911,1991,2107,1991,1892,1718,1491,2298,568
1796,2083,1999,2265,2096,1873,1689,1481,2369,571
1799,1921,2004,2082,1987,1861,1688,1468,2369,572
1817,1950,2002,2066,1974,1946,1671,1578,2397,576
1965,1945,2004,2051,1969,1827,1638,1431,2385,580
1847,1944,2003,2051,1960,1828,1621,1414,2367,582
1861,1961,2007,2033,1940,1799,1594,1467,2225,585
1858,1959,2007,2189,1937,1796,1587,1596,2184,587
1884,1973,2006,2017,1928,1765,1578,1648,1862,591
2021,1977,2029,2013,1908,1750,1545,1875,1567,594
1912,1982,2204,2006,2008,1736,1526,2111,1151,598
1912,1988,2078,2002,1885,1715,1516,2215,889,600
1928,1992,2097,2001,1961,1702,1481,2300,590,603
1928,2008,2081,1992,1858,1682,1469,2358,381,607
1938,2008,2081,1979,1844,1668,1447,2545,63,610
1943,2009,2069,2151,1829,1641,1439,2410,0,612
1936,2009,2076,2144,1826,1641,1417,2394,0,614
1960,2008,2047,1961,1795,1606,1431,2356,0,618
1975,2002,2029,2082,1777,1592,1480,2253,0,621
1974,2003,2034,2106,1786,1575,1564,2183,0,623
1997,2020,2026,1933,1768,1565,1719,1850,0,627
1989,2038,2013,1914,1736,1525,1974,1501,0,630
1993,2052,2024,1913,1734,1530,2233,1396,0,632
2004,2240,2009,1889,1702,1493,2355,803,0,636
1998,2096,2005,1877,1694,1481,2331,557,0,640
2002,2099,2003,2042,1776,1480,2351,482,79,640
2006,2082,1994,1843,1657,1448,2393,246,0,645
2009,2204,2121,1973,1638,1434,2413,0,0,648
2105,2068,1975,1829,1628,1409,2391,0,57,650
2007,2052,1955,1813,1612,1430,2345,0,0,654
2108,2036,1944,1942,1575,1528,2211,0,0,657
2016,2035,2071,1784,1560,1594,2142,0,0,658
2033,2038,1926,1914,1543,1803,1796,0,0,663
0,212,0,572,1383,1549,1851,1913,1981,359
6,52,0,605,1297,1545,1745,1911,2000,360
0,101,0,930,1342,1570,1782,1930,1995,366
0,63,0,927,1327,1580,1781,1927,2003,366
0,50,137,1080,1398,1620,1806,1942,2117,371
0,41,0,1080,1400,1624,1813,1951,2001,372
71,24,0,1137,1431,1654,1949,1961,2003,377
0,42,0,1138,1443,1656,1822,1959,1995,378
0,0,0,1182,1462,1777,1860,1963,2016,381
0,0,0,1218,1503,1718,1876,1972,2019,386
7,120,0,1237,1513,1719,1880,1984,2111,388
21,0,1,1256,1530,1732,1895,2141,2137,389
86,0,404,1431,1564,1748,2031,2014,2175,394
152,0,671,1477,1574,1759,1924,2004,2111,396
151,0,940,1330,1592,1779,1921,2007,2119,400
189,0,957,1364,1615,1796,1943,2023,2106,403
86,141,1023,1382,1712,1812,1944,2018,2094,405
82,0,1079,1416,1658,1831,1959,2016,2079,408
41,0,1113,1437,1670,1843,1953,2016,2084,411
41,0,1142,1456,1681,1864,2066,2026,2064,414
0,0,1182,1484,1701,1874,1972,2017,2061,419
0,0,1209,1640,1721,1874,1972,2019,2051,420
0,0,1236,1515,1734,1885,1988,2037,2034,423
0,157,1268,1551,1745,1910,2123,2108,2155,427
88,367,1279,1571,1764,1906,2001,2078,2025,429
0,919,1315,1598,1784,1927,2003,2111,2024,433
0,895,1348,1610,1798,1945,2023,2108,2006,435
0,962,1352,1613,1893,1943,2026,2217,2002,437
0,1063,1380,1772,1837,2083,2023,2093,1990,442
0,1095,1403,1730,1847,1956,2029,2079,1988,444
0,1129,1439,1672,1861,1958,2022,2068,1984,447
0,1151,1465,1688,1882,1973,2017,2049,1959,450
0,1346,1459,1707,1873,1969,2019,2052,1963,452
0,1363,1502,1720,1891,1991,2014,2033,1940,456
287,1252,1516,1734,1911,1988,2054,2037,1930,459
651,1279,1549,1768,1910,2010,2084,2018,1910,463
822,1304,1724,1792,1926,2128,2101,2021,1920,466
972,1331,1574,1807,1922,2004,2201,2006,2060,468
1023,1331,1589,1796,1941,2004,2096,2009,1880,472
1061,1355,1607,1812,1940,2009,2098,1994,1855,474
1112,1398,1643,1833,1957,2003,2196,1993,1851,478
1138,1423,1639,1847,1963,2008,2067,1967,1823,480
1167,1451,1673,1861,1976,2018,2056,1961,1812,484
1192,1445,1685,1854,1976,2020,2054,1954,1822,485
1221,1482,1702,1881,1973,2016,2029,1942,1797,489
1266,1497,1723,1886,1986,2052,2163,1923,1862,492
1279,1525,1736,2054,1984,2068,2020,1924,1754,495
1321,1564,1763,1904,2005,2097,2009,1921,1717,499
1334,1562,1768,1930,2012,2101,2010,2007,1702,501
1351,1582,1784,1927,2001,2101,2007,1978,1703,505
1381,1612,1798,1945,2003,2081,1991,1861,1752,507
1417,1630,1814,1942,2003,2064,1986,1846,1663,510
1435,1651,1833,1951,2003,2042,1970,1826,1618,514
1444,1657,1843,1961,2003,2054,1961,1809,1712,516
1466,1680,1871,1973,2000,2030,1949,1815,1608,519
1514,1707,1876,1971,2011,2037,1942,1779,1580,523
1531,1702,2065,1991,2029,2033,1928,1779,1560,525
1548,1733,1896,1991,2079,2022,1912,1746,1527,529
1562,1746,1897,1984,2108,2019,1911,1729,1513,530
1578,1764,1923,2008,2209,2111,1893,1717,1493,534
1594,1783,1928,2147,2207,2002,1876,1706,1475,537
1629,1795,1928,2007,2079,2095,1862,1679,1447,541
1622,1811,1943,1999,2069,2098,1862,1671,1451,543
1649,1813,1948,2008,2156,1975,1845,1642,1430,545
1686,1843,1962,2003,2056,1962,1809,1625,1449,551
1683,2028,2143,1999,2030,1966,1809,1608,1489,552
1705,1863,1980,2019,2037,1940,1779,1576,1768,555
1735,1885,1974,2206,2020,2025,1769,1567,1927,558
1728,1893,1990,2070,2013,2015,1743,1697,2081,561
1753,1895,1990,2076,2001,1913,1737,1536,2257,564
1783,1912,2008,2098,2001,1890,1718,1498,2319,568
1783,1926,2003,2083,1993,1876,1688,1479,1656,571
1792,1927,2011,2081,1993,1863,1690,1481,2377,572
1816,1926,2002,2062,1973,1842,1672,1452,2394,576
1831,1948,2005,2053,2066,1827,1644,1433,2375,580
1845,1940,2164,2056,1957,1820,1627,1540,2359,582
1863,1961,2008,2027,1939,1794,1593,1465,2183,585
1865,1955,2008,2029,1937,1795,1594,1483,2279,587
1884,1970,2001,2020,1930,1779,1580,1643,1792,591
1890,1973,2032,2016,1910,1747,1543,1879,960,594
2038,1992,2060,2146,1894,1731,1536,2092,771,597
2030,1981,2079,2000,1889,1712,1517,2214,449,600
1924,1987,2096,1991,1882,1695,1478,2303,291,603
1929,2006,2079,1997,1858,1685,1467,2361,137,606
2075,2014,2081,1973,1837,1653,1449,2395,83,609
1942,2005,2059,1975,1829,1642,1431,2363,7,612
1946,2005,2067,1973,1831,1642,1419,2393,0,614
1958,2001,2055,1959,1812,1612,1418,2340,0,618
1969,2004,2035,1942,1778,1593,1481,2197,8,621
1972,2134,2197,1943,1782,1580,1644,2101,42,623
1990,2129,2025,1925,1767,1561,1718,1843,39,627
2090,2040,2022,1908,1734,1616,1855,1467,159,630
1990,2053,2022,1911,1732,1526,2038,1135,20,632
2008,2094,2007,1892,1705,1594,2175,705,11,636
2009,2096,2010,1876,1680,1479,2294,348,7,640
2006,2094,2007,1875,1685,1483,2330,313,9,640
2008,2077,1996,1978,1655,1446,2473,85,22,645
2004,2067,1979,1831,1621,1519,2397,9,41,648
2007,2068,1971,1827,1626,1415,2367,10,68,650
2005,2054,1960,1813,1593,1433,2333,0,67,654
2141,2038,1943,1781,1578,1516,2215,0,170,657
2143,2175,1945,1780,1580,1653,2128,0,67,659
2054,2154,1926,1893,1640,1758,1717,0,154,663
0,49,0,571,1395,1542,1801,1904,1999,359
0,52,0,588,1303,1546,1759,1910,2011,360
102,51,0,1059,1331,1577,1781,1923,2004,366
0,190,0,923,1348,1580,1782,1926,2011,366
0,159,0,1206,1398,1625,1815,1934,2001,371
0,87,141,1078,1395,1631,1817,1945,2005,372
0,0,0,1138,1436,1652,1823,1960,2144,377
0,10,0,1133,1536,1650,1844,1957,2144,378
0,0,0,1171,1563,1688,1860,1960,2006,381
0,0,0,1236,1512,1698,1870,1968,2018,386
123,0,0,1238,1624,1719,1876,1978,2022,388
0,0,10,1389,1530,1731,1892,1987,2055,391
85,0,363,1279,1563,1749,1914,1987,2082,394
135,0,855,1451,1584,1764,1927,2007,2111,396
85,0,807,1336,1596,1775,1925,2005,2110,398
68,0,977,1362,1617,1796,1937,2021,2111,403
83,0,1023,1382,1624,1814,1940,2019,2096,405
40,0,1077,1418,1658,1821,1954,2015,2079,408
39,0,1115,1439,1794,1840,1961,2013,2199,411
127,0,1161,1464,1685,1861,1973,2025,2065,415
83,0,1188,1491,1700,1875,1973,2020,2056,419
0,0,1198,1501,1728,1875,1991,2027,2044,420
8,0,1237,1512,1738,1890,1996,2035,2033,423
0,155,1272,1551,1753,1917,2003,2209,2037,427
0,366,1279,1559,1763,2013,2004,2085,2024,429
0,792,1318,1592,1779,1928,2012,2110,2025,433
0,896,1333,1595,1796,1940,2123,2110,2002,435
0,982,1351,1614,1816,1939,2020,2261,2009,437
0,1063,1376,1644,1823,1948,2019,2092,1992,442
0,1095,1400,1655,1844,1956,2121,2079,1984,444
0,1142,1592,1669,1865,1962,2020,2076,1974,447
0,1175,1469,1701,1879,1974,2011,2053,1968,451
0,1193,1466,1708,1877,1976,2022,2050,1960,452
0,1221,1499,1718,1895,1998,2019,2027,1939,456
255,1255,1514,1751,2002,1985,2172,2036,1925,459
667,1279,1546,1764,1909,2012,2083,2166,1913,463
821,1298,1556,1920,2028,2000,2100,2020,1891,466
971,1333,1582,1801,1942,2003,2110,2005,1892,468
1012,1351,1734,1795,2035,1999,2096,2120,1885,472
1058,1504,1608,1817,1940,2009,2093,1981,1852,474
1107,1399,1624,1832,1951,2018,2155,1988,1843,477
1134,1418,1656,1839,1954,2019,2066,1978,1828,480
1167,1448,1675,1861,2073,2015,2050,1958,1812,484
1187,1567,1689,1863,2065,2021,2051,1951,1811,485
1215,1478,1704,1880,1986,2121,2043,1941,1781,489
1372,1509,1718,1895,2083,2129,2028,1928,1769,492
1408,1524,1737,2009,1984,2060,2020,1926,1752,495
1316,1561,1893,1928,1998,2095,2022,1913,1718,499
1335,1579,1766,1933,2003,2094,2117,1893,1702,501
1363,1594,1780,1930,2003,2095,2009,1875,1701,504
1380,1745,1796,1939,2004,2073,1990,1863,1663,507
1401,1627,1814,1944,2005,2066,1990,1844,1654,510
1442,1656,1833,1951,2106,2051,1972,1827,1628,514
1448,1672,1845,1949,2006,2052,1951,1817,1605,516
1462,1672,1839,1972,2093,2059,1964,1816,1593,519
1497,1702,1863,1968,2017,2033,1945,1784,1578,523
1514,1706,1873,1987,2028,2035,1920,1901,1561,525
1544,1732,1886,1995,2175,2020,1910,1745,1531,529
1561,1751,1911,1991,2185,2110,1912,1858,1516,530
1577,1765,1905,2004,2096,2100,1898,1826,1499,534
1602,1781,1927,2012,2102,2001,1874,1821,1567,537
1634,1794,1945,2105,2171,1991,1861,1668,1449,542
1642,1943,2085,2007,2076,2085,1852,1671,1451,543
1655,1829,2084,2014,2052,1974,1842,1641,1426,545
1663,1853,1958,2106,2048,1959,1816,1632,1430,551
1690,1851,1957,2001,2028,1955,1812,1610,1461,552
1711,1860,1973,2134,2029,1940,1780,1575,1627,555
1736,1872,1978,2034,2019,2023,1765,1565,1795,558
1736,1892,1994,2069,2027,1904,1753,1663,1912,561
1752,1892,1986,2082,2001,1909,1743,1527,1997,564
1766,1911,2014,2099,2008,1891,1830,1627,2131,568
1801,1929,2004,2083,1994,1875,1690,1478,2194,571
1799,1930,2129,2085,1990,1860,1690,1467,2252,572
1817,1927,2004,2062,2068,1960,1668,1582,2317,576
1828,1948,2007,2050,1951,1823,1644,1432,2415,580
1845,2082,2006,2057,1953,1806,1620,1411,2273,582
1854,1958,2001,2027,1945,1795,1614,1449,2149,585
1863,1960,1998,2038,1935,1797,1592,1481,1133,587
1871,1966,2000,2016,1929,1775,1571,1613,1766,591
1886,1968,2030,2024,1904,1752,1543,1871,1493,594
1909,2132,2076,2003,1890,1733,1528,2270,1134,598
1910,1991,2090,2013,1890,1712,1516,2182,189,600
2057,2004,2098,1993,1874,1698,1483,2345,414,603
1927,1998,2233,1989,1860,1687,1463,2406,539,606
1943,2004,2087,1984,1850,1670,1448,2488,116,610
1944,2131,2067,1975,1827,1642,1431,2428,39,612
1945,2004,2061,1960,1828,1635,1522,2331,0,614
1959,2004,2051,1963,1804,1603,1432,2159,0,618
1976,2007,2038,1940,1780,1596,1498,1988,0,621
1979,2129,2030,1934,1773,1575,1565,1930,0,623
1993,2021,2035,1924,1753,1596,1741,1702,83,627
1985,2034,2019,1914,1734,1548,2005,1452,0,630
1992,2068,2028,1911,1728,1532,2146,1107,0,631
2004,2097,2142,1890,1698,1500,2314,511,0,636
2010,2093,2006,2005,1689,1587,2397,224,0,640
2007,2096,2006,1873,1688,1590,2524,173,83,641
2005,2080,2136,1978,1653,1559,2488,50,311,645
2009,2213,1976,1828,1640,1432,2497,0,0,648
2144,2063,1979,1926,1625,1417,2499,0,0,650
2010,2059,1960,1813,1596,1433,2472,0,0,654
2008,2039,1941,1778,1577,1513,2376,0,0,656
2020,2033,1935,1782,1557,1580,2303,0,0,659
2031,2035,2081,1753,1545,1813,1884,0,0,663
0,139,0,665,1279,1640,1750,1914,2005,359
118,0,0,589,1279,1639,1865,1918,2105,360
0,0,0,911,1331,1580,1772,1924,2003,366
0,0,0,911,1437,1573,1780,1920,2007,366
9,0,0,1073,1401,1626,1923,1941,2004,371
147,1,0,1078,1400,1626,1813,1943,2006,372
0,12,0,1139,1435,1658,1823,1958,2020,377
0,42,0,1139,1450,1658,1851,1961,2020,379
0,252,0,1172,1459,1775,1863,1959,2027,381
0,68,0,1220,1490,1700,1874,1971,2135,386
0,42,116,1240,1516,1717,1875,1989,2030,388
0,0,0,1248,1625,1734,1889,2168,2047,391
0,0,399,1428,1555,1748,2025,2164,2083,394
0,0,657,1321,1686,1768,1922,2007,2119,396
135,0,821,1333,1593,1781,1920,2020,2110,400
0,139,978,1363,1614,1891,1951,2182,2115,403
22,0,1023,1383,1641,1816,1938,2195,2103,405
68,0,1080,1419,1763,1828,1960,2030,2076,408
102,0,1114,1441,1674,1847,1965,2020,2081,412
100,0,1151,1459,1684,1859,1964,2023,2062,415
103,0,1192,1482,1700,1874,1964,2048,2057,418
9,0,1201,1497,1720,1881,2086,2017,2052,420
127,0,1238,1508,1732,1898,1987,2035,2126,423
0,191,1270,1547,1751,1913,2003,2059,2035,427
0,383,1279,1567,1766,1902,2004,2216,2154,429
119,786,1479,1594,1784,1927,2003,2111,2124,433
0,898,1530,1590,1808,1939,2016,2267,2132,435
0,978,1351,1609,1807,2041,2019,2113,2006,437
0,1062,1549,1641,1822,1956,2022,2089,1991,442
127,1096,1402,1656,1956,1951,2018,2081,2114,444
0,1141,1433,1663,1862,1982,2020,2066,1974,447
0,1172,1449,1697,1876,1974,2011,2054,2093,450
0,1186,1467,1695,1874,1972,2020,2054,1960,452
0,1217,1496,1722,1892,1986,2022,2048,1944,456
305,1256,1531,1751,1911,1987,2051,2189,1928,460
700,1269,1552,1774,1912,2008,2085,2023,1908,462
874,1302,1560,1782,1927,2003,2111,2026,1905,466
927,1319,1579,1799,1929,2003,2217,2007,1890,468
1198,1343,1595,1798,1941,2019,2096,1999,1870,471
1058,1371,1609,1813,2061,2017,2098,2003,1862,474
1108,1401,1646,1836,1954,2019,2073,1985,1844,478
1137,1419,1657,1841,1957,2019,2066,1984,1823,480
1169,1449,1672,1859,2078,2016,2050,2110,1811,484
1183,1449,1691,1860,1968,2019,2059,1953,1811,485
1214,1484,1706,1876,1985,2019,2038,1941,1796,489
1267,1515,1715,2044,1988,2039,2035,1943,1769,492
1279,1530,1737,1910,1997,2065,2126,1925,1749,495
1311,1730,1932,1924,2009,2096,2024,1904,1733,499
1349,1585,1764,1926,2006,2094,2006,2038,1839,501
1349,1576,1781,1927,2104,2094,2007,1892,1703,504
1385,1610,1802,2088,2006,2077,1990,1861,1671,507
1567,1797,1816,1943,2007,2079,1987,1861,1656,510
1436,1657,1848,1961,2002,2060,1976,1826,1621,514
1446,1673,1847,1964,2007,2053,1957,1963,1618,516
1599,1848,1839,1976,2002,2050,1956,1821,1612,517
1496,1688,1862,1973,2019,2144,1941,1796,1579,522
1507,1707,2096,1991,2035,2035,1938,1783,1564,525
1700,1736,1893,1987,2183,2020,1927,1746,1528,529
1544,1903,1912,1988,2092,2024,1902,1746,1526,530
1578,1766,1905,2005,2098,2004,1890,1719,1498,534
1594,1784,1920,2008,2096,2001,1890,1703,1479,537
1629,1792,2111,2008,2079,1991,1854,1675,1452,541
1636,1817,1949,2005,2061,1986,1863,1674,1449,543
1645,1807,2123,2007,2042,1970,1848,1643,1573,545
1672,1848,1958,2008,2052,1953,1813,1626,1433,550
1690,1844,2126,2008,2032,1955,1809,1611,1459,552
1701,1854,1974,2020,2032,1945,1779,1576,1636,555
1719,1876,1973,2038,2012,1929,1773,1560,1848,558
1733,1894,1984,2070,2018,1922,1752,1544,2008,561
1750,1895,1981,2262,2006,1911,1728,1531,2260,564
1788,2078,1994,2098,2008,1883,1718,1500,2150,568
1800,1933,2008,2244,1993,1873,1701,1484,2182,571
1802,1926,2005,2081,1989,1879,1688,1484,2142,572
1816,1923,2165,2079,1978,1859,1672,1456,2128,576
1826,1943,2008,2213,1977,1827,1641,1432,2151,579
1848,1943,2008,2043,1959,1823,1623,1435,2425,582
1858,1951,2005,2028,1938,1796,1609,1447,2472,585
1864,1959,1999,2037,1938,1795,1591,1502,2437,587
1881,1975,2013,2039,1927,1851,1577,1645,2111,591
1894,1974,2033,2023,1906,1762,1547,1860,1537,593
1913,1990,2067,2023,1910,1731,1525,2072,1009,597
1911,1998,2081,2003,1890,1722,1508,2152,751,600
1926,2004,2097,1996,1878,1698,1493,2167,292,603
1928,2003,2093,1989,1862,1683,1458,2151,85,606
1945,2001,2085,1972,1843,1663,1447,2081,0,610
1944,2009,2063,1979,1823,1658,1433,2081,0,612
1944,2007,2066,1976,1828,1642,1435,2052,0,614
2114,2005,2051,1961,1792,1609,1429,2019,91,618
1970,2003,2039,1943,1784,1702,1500,2274,0,621
1968,2003,2036,1944,1780,1576,1576,2289,0,623
1993,2020,2034,1928,1769,1560,1705,1718,0,627
1990,2033,2023,2073,1735,1545,2004,1182,0,630
1991,2069,2017,1888,1724,1536,2091,823,0,632
2007,2105,2007,1875,1700,1504,2149,895,0,636
2009,2097,2007,2044,1689,1480,2147,383,0,640
2006,2096,2007,1876,1688,1480,2129,604,0,641
2009,2081,1990,1848,1653,1443,2144,428,0,645
2011,2064,1976,1829,1628,1419,1988,169,0,648
2137,2064,1976,1821,1628,1417,2019,6,127,650
2005,2051,1960,1797,1596,1435,1991,0,139,654
2016,2029,1938,1782,1585,1544,2259,86,0,657
2022,2035,1944,1780,1561,1594,2080,154,0,659
2068,2015,1925,1753,1550,1832,1829,228,0,663
110,0,0,511,1279,1542,1759,1909,2000,359
0,140,0,592,1398,1544,1759,1920,1989,360
0,0,0,0,1349,1579,1781,1927,2007,366
0,0,0,927,1343,1572,1781,1926,2003,366
19,218,0,1081,1401,1742,1813,1941,2008,371
137,23,0,1083,1400,1625,1806,1945,2004,372
0,40,0,1142,1437,1650,1956,1954,2023,377
6,100,0,1139,1446,1651,1843,2106,2008,379
0,86,0,1171,1464,1676,1853,1954,2016,380
0,50,0,1218,1499,1710,1875,1976,2017,386
0,39,0,1237,1513,1719,1894,2140,2115,388
0,1,1,1254,1524,1736,2014,1984,2027,389
0,127,400,1304,1560,1863,1911,2004,2080,394
0,0,709,1318,1580,1764,1921,2146,2240,396
0,0,805,1335,1597,1781,1930,2024,2123,398
23,0,978,1520,1609,1792,1943,2019,2115,403
40,0,1023,1381,1625,1813,1942,2017,2220,405
48,0,1081,1420,1655,1826,1953,2019,2197,408
122,0,1113,1437,1671,1846,1958,2023,2074,411
87,0,1279,1468,1689,1863,2091,2030,2065,415
218,0,1192,1480,1706,1874,1980,2022,2053,418
42,0,1207,1497,1718,1874,1991,2019,2166,420
0,0,1237,1518,1733,1891,1989,2033,2026,423
0,120,1253,1550,1838,1907,2000,2068,2039,426
0,435,1279,1713,1765,1916,2109,2083,2040,429
38,756,1311,1575,1781,1926,2007,2116,2025,432
0,1087,1328,1608,1799,1940,2019,2111,2004,435
0,981,1352,1610,1815,1936,2107,2097,2114,437
0,1081,1402,1643,1828,1961,2105,2110,1989,442
0,1249,1396,1663,1839,1960,2018,2088,1993,444
0,1304,1595,1672,1852,1968,2021,2063,1973,447
0,1171,1469,1708,1875,1972,2021,2198,1951,451
0,1189,1463,1702,1886,1972,2021,2048,1958,452
0,1377,1500,1730,1894,1979,2022,2051,1944,456
294,1248,1515,1749,1910,1996,2148,2031,1924,459
735,1279,1551,1763,1914,1999,2088,2022,1910,462
823,1306,1561,1783,1920,2000,2111,2025,2034,466
975,1336,1575,1928,1936,2001,2111,2015,1894,468
1011,1350,1590,1964,1945,2001,2096,2115,1888,471
1074,1365,1610,1813,2045,2007,2099,2002,1859,474
1110,1406,1644,1833,1957,2019,2186,1990,1848,477
1136,1415,1657,1848,1957,2026,2057,2111,1960,480
1311,1447,1858,2016,1974,2012,2044,1973,1810,484
1183,1448,1689,1854,1972,2019,2164,2100,1808,485
1218,1482,1707,1874,1988,2016,2035,1960,1941,489
1261,1498,1717,1892,1986,2034,2038,1925,1773,492
1271,1536,1734,1911,1987,2066,2020,1927,1753,495
1317,1547,1750,1912,2004,2108,2028,1910,1738,499
1484,1565,1769,1926,2005,2124,2002,1895,1714,501
1348,1736,1782,1926,2003,2100,2003,1888,1702,504
1387,1620,1798,1942,2006,2092,1996,1861,1809,507
1418,1621,1970,1948,2005,2068,1990,1867,1655,510
1448,1654,1829,1958,2003,2066,2099,1825,1645,514
1451,1823,1847,1953,2007,2053,1955,1967,1625,516
1465,1677,1851,2154,2016,2050,1957,1814,1609,519
1499,1713,2030,1985,2023,2038,1939,1797,1710,523
1513,1701,1880,1991,2045,2033,1940,1781,1561,525
1551,1730,1891,1989,2082,2126,1930,1750,1544,529
1549,1881,1892,1992,2096,2025,1903,1748,1633,530
1582,1916,1915,2008,2099,2000,1898,1721,1593,534
1594,1785,1928,2010,2088,2006,1876,1705,1479,537
1628,1800,1926,2003,2079,1992,1853,1671,1452,541
1647,1808,1940,2003,2065,2107,1855,1648,1560,543
1655,1812,1942,2009,2046,1971,1829,1635,1433,545
1674,1843,1957,2008,2061,2078,1815,1620,1427,550
1690,1843,1959,2009,2032,1951,1815,1618,1460,552
1700,1861,1980,2007,2032,1937,1781,1580,1630,555
1726,1883,1972,2033,2030,1926,1769,1698,1859,558
1871,1890,1988,2062,2028,1929,1750,1547,2077,561
1756,2044,1987,2263,2144,1912,1731,1530,2229,564
1769,2070,1984,2094,2004,1891,1717,1632,2335,568
1783,1930,2005,2096,1991,1879,1702,1480,2437,572
1799,1928,1997,2085,1986,1874,1687,1479,2475,572
1811,1925,2007,2086,1975,1859,1671,1529,2497,576
1831,1942,2193,2073,1976,1823,1642,1436,2512,579
1847,1942,2009,2043,1957,1829,1627,1496,2528,582
1862,1958,2005,2045,1942,1795,1610,1462,2503,585
1862,1957,2007,2042,1940,1799,1594,1490,2437,587
1880,1973,2008,2019,1927,1773,1570,1640,2097,591
1893,1966,2038,2017,1908,1760,1551,1875,1546,594
2043,2000,2048,2004,1914,1859,1532,2136,927,597
1914,1991,2081,2003,1892,1726,1516,2254,511,600
1927,1982,2100,2005,2000,1814,1500,2360,327,603
1928,2000,2100,2000,1861,1689,1480,2435,8,606
1939,2002,2081,1979,1850,1671,1449,2500,0,610
2071,2000,2064,1970,1825,1642,1436,2514,0,612
2082,2000,2070,1979,1829,1761,1432,2516,0,0
1964,2007,2052,1956,1796,1609,1435,2528,0,618
2111,2160,2037,1942,1779,1594,1641,2487,106,621
1975,2005,2034,1935,1792,1582,1572,2394,0,623
1994,2020,2024,1927,1766,1563,1729,2021,0,627
1987,2170,2023,1908,1729,1536,2051,1414,0,630
1984,2060,2022,1912,1733,1536,2166,1011,0,632
2002,2093,2175,1894,1811,1499,2286,511,0,636
2011,2101,2000,1881,1691,1480,2401,139,0,640
2004,2234,2007,1880,1688,1461,2428,155,0,641
2004,2081,1992,1841,1659,1441,2509,0,50,645
2006,2063,1974,1826,1622,1432,2520,0,0,648
2006,2070,1976,1992,1613,1413,2530,0,0,650
2008,2051,1963,1806,1587,1430,2540,0,0,654
2019,2034,1943,1950,1572,1539,2432,0,0,657
2015,2038,1936,1786,1555,1594,2348,159,0,658
2036,2022,1927,1754,1540,1845,1796,0,0,663
0,0,127,554,1279,1545,1757,1912,1988,359
0,0,0,0,1279,1554,1750,1911,1987,360
92,0,151,911,1332,1576,1779,1926,2001,366
0,0,0,927,1333,1576,1784,1926,2004,366
7,0,0,1079,1523,1627,1812,1948,1997,371
0,63,0,1237,1400,1627,1807,1951,2004,372
0,51,0,1141,1433,1712,1974,1960,2004,377
39,104,0,1137,1447,1658,1852,1958,2008,379
0,120,0,1174,1465,1681,1986,1960,2030,381
0,85,0,1221,1496,1723,1878,1969,2017,386
0,53,168,1243,1514,1720,1896,1987,2016,388
0,0,0,1253,1530,1722,1892,1990,2035,389
0,0,415,1301,1561,1749,1905,2005,2097,394
1,0,692,1326,1581,1901,1930,2007,2111,396
106,0,994,1340,1592,1781,1920,2165,2133,400
40,88,1156,1369,1622,1800,1943,2016,2117,403
84,0,1023,1383,1639,1812,1935,2017,2100,405
100,0,1077,1413,1648,1827,1959,2027,2098,408
171,0,1112,1434,1674,1837,1950,2019,2079,411
134,0,1151,1470,1680,1860,1973,2023,2212,415
67,0,1191,1479,1702,1875,1976,2020,2050,418
42,0,1205,1501,1726,1875,1987,2017,2051,420
0,0,1432,1518,1735,1883,1986,2035,2042,423
36,311,1270,1545,1743,1913,2002,2064,2036,427
31,399,1279,1566,1758,1911,2000,2078,2041,429
0,756,1318,1578,1782,1920,1997,2123,2020,432
0,910,1351,1611,1795,1937,2019,2111,2000,435
0,975,1353,1608,1807,1946,2029,2096,2012,437
0,1060,1377,1645,1828,1962,2022,2243,1990,442
103,1099,1402,1650,1838,2078,2022,2082,1990,444
0,1140,1438,1671,1999,1972,2023,2073,1976,448
0,1171,1464,1697,1877,2083,2024,2055,1959,450
0,1192,1466,1703,1876,1971,2013,2050,1960,452
0,1221,1496,1718,1891,1998,2019,2047,1940,456
292,1248,1520,1754,1910,1985,2051,2040,1926,460
668,1267,1549,1769,1920,2004,2077,2020,1922,462
892,1299,1562,1783,1932,1999,2119,2015,1917,466
989,1338,1577,1798,1936,2008,2109,2011,1888,468
1023,1352,1598,1794,1949,2001,2217,2006,1874,471
1059,1364,1610,1807,1946,2020,2231,1988,1874,474
1116,1402,1648,1826,1957,2019,2084,1988,1841,478
1138,1419,1652,1845,1957,2018,2065,1975,1851,480
1164,1443,1672,1865,2114,2026,2052,1978,1817,484
1189,1452,1676,1861,1970,2018,2058,1963,1811,485
1358,1481,1888,1877,1986,2023,2038,1942,1933,489
1267,1508,1724,1892,1990,2027,2029,1925,1769,492
1279,1532,1732,2068,2001,2069,2021,1926,1749,495
1319,1563,1778,1927,2008,2096,2166,1913,1733,499
1343,1557,1769,1923,2005,2237,1999,1889,1720,501
1349,1577,1784,1928,2007,2099,2006,2054,1708,504
1385,1611,1801,1942,2130,2088,1994,1854,1672,507
1397,1628,1816,1943,2004,2214,1990,1854,1650,510
1428,1661,1829,1950,2002,2062,1975,1835,1626,514
1450,1658,1851,1954,2004,2051,1960,1806,1622,516
1461,1672,1855,1976,2003,2050,2111,1945,1609,519
1495,1700,1877,1973,2023,2035,2086,1803,1577,523
1509,1701,1879,1990,2039,2172,1929,1774,1567,525
1547,1735,1896,1984,2077,2014,1923,1750,1543,529
1549,1729,1892,1989,2089,2019,2071,1897,1645,530
1583,1770,1906,1998,2099,2006,1895,1864,1499,534
1592,1779,1927,2006,2100,2128,1877,1700,1478,537
1627,1796,1931,2003,2079,1992,1855,1670,1541,541
1642,1810,1937,2007,2064,1989,1845,1656,1443,543
1657,1813,1938,2007,2050,1976,1838,1655,1433,545
1671,2009,1961,2000,2053,1966,1813,1626,1438,550
1819,1854,1965,2004,2038,1965,1812,1608,1586,552
1817,1854,1981,2021,2033,1945,1783,1574,1629,555
1728,1884,1977,2028,2020,1930,1767,1692,1844,558
1734,1892,1986,2061,2016,1929,1753,1544,2055,561
1756,1888,1993,2090,2154,1916,1732,1657,2216,564
1783,1912,1991,2100,2144,1895,1720,1493,2347,568
1795,1927,2008,2079,1990,1875,1844,1483,2536,571
1797,1929,2008,2083,1989,1876,1806,1474,2483,571
1813,1931,2004,2082,1973,1854,1671,1467,2515,576
1826,1943,2012,2068,1971,1829,1763,1433,2520,579
1846,1940,2005,2048,1961,1832,1740,1416,2551,582
1861,1959,2003,2031,1935,1926,1589,1481,2620,586
1862,1961,2003,2032,1942,1799,1595,1481,2611,586
2010,1978,2012,2019,1926,1788,1561,1671,2050,591
1895,1975,2197,2024,1909,1762,1542,1861,1676,594
1911,1991,2069,2202,1897,1736,1536,2148,977,597
1913,1991,2086,2004,1896,1717,1670,2260,607,600
1927,2005,2101,2004,1876,1695,1496,2358,292,603
2048,2009,2101,1986,1855,1679,1465,2455,85,606
2066,2010,2267,1975,1844,1655,1453,2516,0,610
1949,2005,2267,1978,1831,1655,1436,2526,0,612
1948,2004,2070,1976,1827,1646,1434,2529,0,614
1958,2004,2046,1961,1793,1618,1436,2675,88,618
1988,2011,2038,1943,1782,1725,1480,2530,0,621
1975,2011,2038,1943,1782,1576,1725,2378,0,623
1975,2019,2014,1930,1749,1561,1751,2103,0,627
1990,2036,2020,1913,1737,1542,2039,1350,0,630
1990,2068,2016,1914,1734,1529,2140,956,0,632
2007,2091,2010,1896,1703,1503,2323,451,0,636
2000,2092,2005,1878,1691,1483,2424,188,0,640
2164,2096,2007,1865,1687,1478,2438,118,0,641
2006,2081,1991,1847,1651,1446,2516,108,0,645
2009,2063,1969,1829,1626,1552,2538,0,0,648
2012,2066,1974,1816,1602,1421,2520,0,0,650
2003,2054,1953,1810,1599,1434,2519,0,0,654
2024,2036,1945,1779,1571,1544,2447,0,0,657
2025,2036,1943,1783,1562,1593,2349,0,0,659
2052,2022,1935,1751,1538,1845,1737,0,0,663
0,0,0,558,1279,1546,1751,1912,1995,359
0,0,0,551,1300,1545,1749,1911,2004,360
0,0,0,911,1327,1581,1784,1926,2006,366
105,0,150,908,1472,1587,1781,1925,2005,366
0,0,0,1087,1400,1631,1818,1944,2000,371
0,25,0,1077,1400,1735,1814,1944,1997,372
0,68,0,1133,1430,1654,1832,1958,2026,377
0,50,0,1146,1448,1781,1843,1961,2004,379
0,140,0,1172,1461,1690,1855,2104,2028,381
0,53,0,1220,1497,1698,1883,1969,2022,386
0,50,0,1239,1517,1721,1893,1989,2014,388
0,0,0,1254,1531,1843,1891,1988,2034,389
0,0,414,1279,1698,1749,1911,2003,2079,394
0,0,704,1318,1579,1767,1924,2002,2110,396
0,0,822,1336,1590,1782,1928,2123,2115,400
1,0,964,1369,1627,1804,1941,2156,2114,403
22,0,1023,1385,1624,1805,1945,2019,2096,405
86,0,1081,1419,1659,1828,1958,2160,2094,408
85,0,1110,1432,1672,1969,1954,2023,2081,411
68,0,1151,1463,1682,1865,1976,2019,2058,415
50,0,1356,1482,1710,1875,1973,2019,2054,418
11,0,1203,1499,1716,1875,1996,2024,2049,420
0,0,1419,1510,1830,1889,1986,2038,2041,423
0,172,1269,1546,1747,1913,2002,2064,2034,427
0,550,1279,1560,1766,1914,2001,2076,2040,429
102,790,1491,1590,1794,1926,2000,2111,2021,433
0,892,1328,1598,1802,2040,2011,2104,2003,435
0,977,1351,1786,1810,1941,2013,2114,2003,437
0,1062,1399,1646,1933,1960,2016,2077,1991,442
0,1093,1405,1656,1846,2086,2024,2073,1984,444
0,1332,1434,1668,1860,1960,2023,2073,1974,447
0,1343,1460,1707,1885,1968,2013,2048,1963,451
0,1188,1465,1883,1870,1976,2020,2054,1960,452
22,1223,1500,1720,1885,1988,2016,2036,1938,456
345,1253,1514,1733,1910,1991,2049,2040,1930,460
654,1279,1545,1767,1929,2003,2097,2033,1912,463
817,1301,1567,1784,1920,2008,2250,2165,1912,466
1099,1335,1575,1799,1927,2004,2111,2006,1884,468
1012,1343,1597,1795,2056,2007,2241,2003,1876,471
1080,1529,1605,1816,1944,2021,2088,1987,1878,474
1095,1563,1795,1829,1959,2019,2079,1992,1858,477
1279,1411,1654,1846,1964,2020,2058,1973,1844,480
1167,1453,1671,1865,1966,2018,2048,1978,1813,484
1187,1448,1672,1860,1976,2023,2050,1959,1813,484
1213,1486,1697,1878,1985,2020,2038,2079,1801,489
1246,1508,1719,1892,2113,2043,2037,1937,1768,492
1279,1526,1896,1905,2003,2063,2037,2015,1749,495
1315,1562,1770,1923,2007,2096,2021,1911,1732,499
1333,1573,1762,1924,2000,2111,2109,1892,1721,501
1346,1596,1780,1927,2002,2092,2003,1892,1702,504
1382,1610,1801,1948,2004,2085,1988,1855,1688,507
1417,1620,1811,1940,2002,2081,1990,1861,1655,510
1432,1819,1841,1956,2004,2068,1975,1832,1626,514
1449,1670,1845,1962,2003,2049,1957,1825,1622,516
1459,1674,1837,1975,2005,2047,1968,1902,1607,519
1498,1705,1880,1977,2014,2044,1944,1797,1577,523
1520,1706,1879,1993,2169,2034,1942,1782,1562,525
1545,1735,1895,1992,2078,2022,1935,1743,1543,528
1545,1761,1892,2041,2089,2021,1912,1749,1656,530
1580,1767,1908,2001,2099,2008,2062,1720,1497,535
1594,1783,2081,2011,2093,2009,1873,1837,1480,537
1626,1801,1925,2005,2079,1989,1861,1821,1458,541
1645,1813,1946,2006,2068,1991,1859,1672,1448,543
1656,1814,1940,2003,2050,1973,1844,1655,1433,545
1670,1845,1951,2196,2184,1954,1805,1626,1565,550
1680,1849,2148,2008,2035,1958,1805,1618,1467,552
1700,1862,1972,2193,2030,2060,1787,1577,1630,555
1719,1880,1973,2035,2022,1926,1770,1563,1838,558
1734,1891,1990,2065,2021,1923,1754,1545,2056,561
1752,1889,1986,2098,2006,1913,1733,1538,2212,564
1762,1913,1988,2094,2136,2030,1712,1516,2319,567
1787,1928,2006,2104,1984,1877,1703,1481,2471,571
1792,1929,2008,2294,2131,1863,1687,1619,2496,572
1973,1939,2008,2090,1969,1863,1671,1608,2506,576
1833,1947,2189,2053,1972,1830,1635,1429,2527,579
1841,1936,2005,2056,1961,1831,1627,1435,2526,582
1868,1959,2011,2039,1942,1795,1611,1472,2512,585
1861,1951,2192,2036,1941,1805,1592,1496,2481,587
1876,2175,2011,2028,1925,1785,1576,1641,2146,591
1893,1968,2030,2017,1914,1764,1545,1891,1577,593
1914,1988,2067,2025,1906,1733,1536,2265,996,597
1909,1993,2100,2002,1890,1719,1514,2280,503,600
1930,2000,2101,1994,1877,1695,1498,2373,255,603
1927,2181,2101,1991,1862,1681,1475,2454,25,606
1947,1999,2080,1976,1840,1663,1446,2513,74,609
1944,2007,2072,1976,1831,1653,1435,2528,0,612
1961,2003,2068,1955,1830,1643,1431,2523,0,614
1957,2004,2052,1961,1799,1729,1430,2533,0,618
1982,2000,2035,1940,1915,1593,1499,2646,0,621
2129,2003,2035,1942,1781,1580,1577,2396,0,623
1971,2008,2036,1927,1769,1564,1701,2083,87,627
1991,2053,2205,2077,1739,1522,2054,1352,0,630
2124,2070,2220,1915,1734,1656,2280,1011,0,631
2007,2098,2007,2061,1706,1625,2303,537,0,636
2162,2099,2000,1880,1679,1480,2566,156,0,640
2006,2094,2005,1871,1686,1465,2432,137,0,641
2012,2081,1984,1838,1649,1448,2516,0,0,645
2005,2071,1976,1829,1619,1415,2536,0,0,648
2006,2064,2152,1814,1628,1412,2528,0,100,650
2010,2050,1961,1797,1593,1431,2544,109,0,654
2024,2036,1942,1777,1581,1545,2441,0,0,657
2015,2038,1938,1780,1560,1594,2334,0,0,659
2209,2040,1928,1752,1544,1843,1902,0,0,663
0,0,0,572,1299,1546,1754,1908,1988,359
0,0,0,571,1300,1547,1747,1913,1993,360
0,0,0,914,1331,1573,1768,1923,1998,366
0,0,0,910,1348,1578,1779,1920,2000,366
0,26,0,1079,1400,1626,1814,2084,2014,371
0,12,0,1077,1402,1749,1816,1941,2004,372
0,68,0,1133,1436,1655,1990,2116,2020,377
0,87,0,1142,1450,1654,1844,1950,2017,379
0,70,0,1171,1466,1812,1852,1955,2023,380
0,48,0,1410,1500,1702,1872,1972,2189,386
0,0,0,1236,1516,1723,2018,1993,2020,387
0,0,193,1253,1528,1733,1895,1986,2045,389
0,0,591,1279,1560,1749,1912,2008,2086,394
0,0,708,1319,1732,1766,2068,2014,2113,396
11,0,823,1334,1594,1920,1927,2164,2133,400
42,0,1005,1365,1631,1797,1935,2168,2116,403
49,0,1023,1382,1643,1947,1942,2016,2092,405
285,0,1079,1415,1655,1828,1958,2020,2088,408
85,0,1112,1434,1837,1843,1956,2020,2084,411
50,0,1151,1464,1848,1859,1973,2019,2069,415
10,0,1191,1485,1704,1875,1974,2011,2058,418
26,0,1200,1498,1716,1879,1987,2018,2047,420
0,0,1412,1514,1728,1891,1984,2033,2035,423
0,139,1255,1543,1753,1913,2003,2175,2040,427
0,471,1279,1559,1768,2025,1998,2081,2041,429
0,789,1314,1599,1782,2079,2024,2105,2025,433
0,891,1334,1595,1792,2094,2021,2111,2006,435
0,978,1353,1610,1823,1937,2016,2103,2011,437
0,1073,1382,1644,1828,1951,2184,2079,1994,442
0,1095,1451,1861,1843,1959,2183,2086,1987,444
148,1137,1435,1674,1992,1954,2016,2066,1974,447
0,1174,1459,1701,1870,1975,2022,2050,1958,451
0,1190,1466,1898,1872,1972,2165,2056,1959,452
0,1222,1497,1713,1899,1987,2024,2034,1941,456
272,1256,1524,1750,1912,1984,2054,2032,1920,460
633,1279,1702,1768,1910,2005,2076,2161,1928,462
854,1301,1559,1786,1922,2008,2116,2023,1913,466
961,1333,1578,1802,1946,2001,2110,2003,1902,468
1023,1350,1598,1794,1946,2168,2102,2018,1878,471
1072,1369,1613,1814,1944,2001,2101,2007,1876,474
1112,1402,1643,2034,1955,2026,2085,2123,1839,478
1130,1413,1840,1838,1958,2016,2240,1977,1847,480
1176,1449,1675,1862,1972,2020,2049,1979,1815,484
1180,1621,1678,1863,1977,2142,2047,1955,1806,485
1217,1479,1705,1878,2146,2014,2035,2102,1800,489
1249,1515,1719,1889,1988,2033,2036,1940,1767,492
1273,1530,1730,1908,2004,2066,2178,1927,1749,495
1317,1570,1762,1923,1998,2263,2019,1914,1740,499
1348,1565,1776,1923,2005,2288,2007,1893,1718,501
1343,1576,1968,1931,2135,2104,2006,1872,1699,504
1383,1609,1798,1946,1998,2083,1990,1860,1663,507
1418,1628,1815,1936,2150,2087,1990,1845,1651,510
1432,1660,1828,1966,2138,2067,1978,1829,1642,514
1450,1676,1849,1961,2150,2056,1960,1956,1620,516
1631,1673,1848,1977,2005,2050,1959,1813,1612,519
1675,1705,1880,1976,2023,2043,1941,1796,1580,523
1510,1711,1876,1995,2038,2034,1935,1777,1562,525
1542,1735,1896,1997,2082,2018,1920,1752,1549,529
1564,1735,1893,1981,2233,2149,1916,1751,1530,530
1578,1770,1915,2008,2096,2009,1891,1721,1493,534
1594,1784,1931,2006,2097,2009,1876,1705,1489,537
1628,1805,1942,2012,2083,1992,2014,1663,1463,542
1627,1814,1946,2004,2065,1986,1861,1672,1448,543
1809,1837,1942,1999,2064,1974,1841,1642,1432,545
1838,1843,1957,2008,2050,1957,1816,1623,1433,550
1691,1843,1958,2010,2039,1965,1813,1610,1463,552
1698,1855,1968,2026,2033,2075,1783,1578,1604,555
1729,1875,1972,2042,2185,1929,1768,1698,1827,558
1738,1898,1986,2267,2021,1927,1750,1539,2035,561
1744,1896,1989,2288,2008,1905,1731,1530,2227,564
1920,1909,1988,2101,2005,1890,1718,1496,2493,568
1779,1927,2008,2092,1990,1870,1706,1487,2452,571
1795,1927,1999,2088,1993,2002,1689,1484,2483,572
1818,1930,2191,2082,1992,1859,1671,1463,2517,576
1831,1941,2009,2076,1978,1827,1792,1567,2542,579
1849,1944,2003,2054,1960,1829,1625,1416,2545,582
1854,1958,2008,2034,1935,1812,1611,1464,2635,585
1862,1955,1999,2040,1942,1932,1592,1497,2509,587
1871,1975,2003,2202,1927,1784,1583,1655,2139,591
1894,2106,2030,2016,1910,1769,1543,2017,1560,594
1894,1996,2066,2010,1913,1730,1524,2139,997,597
1920,2110,2102,2009,1895,1719,1507,2251,569,600
1929,1986,2253,2009,1872,1700,1501,2354,310,603
1928,2129,2101,1999,1860,1690,1603,2442,39,606
1951,2135,2083,1976,1847,1674,1451,2512,0,610
1945,2007,2067,1972,1832,1656,1439,2514,0,612
1955,2000,2070,1979,1820,1639,1432,2518,0,614
1953,1998,2054,1964,1795,1608,1436,2525,0,618
1978,2004,2035,1939,1781,1589,1493,2516,0,621
1974,2004,2038,1944,1779,1579,1572,2373,97,623
1991,2015,2035,1930,1758,1559,1751,1976,0,627
1988,2051,2025,1910,1732,1544,2032,1379,0,630
1994,2069,2017,1910,1848,1528,2143,992,0,631
2004,2100,2007,1884,1695,1501,2318,471,0,636
2160,2103,2010,1876,1683,1477,2428,205,8,640
2150,2103,2003,1858,1683,1478,2437,118,0,641
2007,2083,2000,1839,1658,1441,2512,0,0,645
2003,2061,1977,1831,1627,1438,2524,0,0,648
2002,2067,1975,1828,1631,1414,2528,0,0,650
2010,2059,1962,1809,1592,1432,2528,0,0,654
2024,2032,1946,1779,1575,1546,2456,0,0,657
2024,2035,2106,1782,1567,1579,2373,0,0,659
2055,2038,2079,1891,1544,1830,1769,0,0,663
0,0,0,571,1279,1549,1751,1913,1987,359
0,0,0,571,1304,1675,1746,1906,2131,360
0,0,0,908,1336,1579,1766,1924,2003,366
0,0,0,910,1349,1581,1783,1921,2003,366
23,0,0,1078,1405,1626,1818,1943,2003,2003
0,0,0,1214,1400,1628,1813,1942,2003,372
0,43,0,1142,1436,1652,1999,1968,2013,377
8,118,0,1138,1454,1783,1847,1955,2008,379
0,67,0,1295,1460,1663,1843,1958,2002,380
124,50,0,1343,1492,1702,1877,1971,2022,386
0,22,127,1235,1509,1722,1901,1987,2019,388
0,0,0,1255,1651,1734,2068,1989,2162,389
0,0,573,1294,1564,1749,1911,2003,2079,394
0,0,650,1322,1579,1773,1927,2006,2110,396
143,139,838,1336,1594,1782,1927,2013,2109,400
0,0,979,1364,1610,1796,1942,2020,2114,403
0,0,1023,1385,1629,1816,1943,2017,2099,405
52,0,1241,1416,1658,1828,1961,2023,2100,408
85,0,1112,1434,1671,1847,1951,2019,2078,411
237,0,1307,1593,1685,1865,1976,2126,2067,415
83,0,1189,1481,1699,1874,1976,2020,2049,418
23,124,1206,1629,1715,1875,1991,2021,2047,420
0,158,1234,1511,1735,2009,1991,2043,2051,423
0,190,1445,1540,1753,1910,2163,2072,2042,427
0,435,1279,1562,1766,1910,2008,2079,2035,429
0,789,1317,1594,1781,1923,2018,2115,2020,433
0,1058,1328,1614,1797,1937,2016,2111,2019,435
0,979,1351,1605,1816,1938,2019,2115,2006,437
0,1055,1384,1640,1831,1958,2181,2097,1991,441
0,1092,1426,1649,1845,1956,2023,2084,1992,444
0,1279,1434,1671,1864,1973,2014,2065,1974,447
0,1171,1469,1709,1875,1966,2185,2054,1959,451
0,1188,1651,1704,1872,1973,2020,2042,1960,452
98,1227,1498,1721,1897,2077,2018,2036,1940,456
241,1405,1514,1750,1907,2089,2046,2164,1932,460
620,1436,1687,1772,1913,2001,2084,2023,1915,462
821,1301,1564,1781,1925,2003,2117,2014,1910,466
959,1330,1742,1795,1951,2000,2117,2009,1890,468
1008,1347,1593,1941,2043,2001,2097,2010,1881,471
1060,1371,1609,1811,1940,2027,2100,2004,1876,474
1108,1401,1643,1963,1960,2012,2079,1994,1846,477
1134,1420,1640,1846,1957,2027,2068,1978,1840,480
1163,1447,1672,1861,1973,2014,2200,1979,1812,484
1201,1610,1686,1855,1969,2124,2050,1958,1811,485
1212,1482,1706,1879,1986,2123,2040,1938,1800,489
1249,1515,1719,1892,1988,2037,2034,2057,1761,492
1279,1530,1737,1916,1990,2063,2019,1924,1748,495
1317,1557,1764,1911,2092,2102,2021,1917,1735,499
1441,1583,1767,1925,2006,2206,2010,1891,1853,501
1348,1575,1782,1937,1999,2095,2006,1872,1704,504
1379,1612,1800,1938,2003,2075,1996,1880,1663,507
1423,1625,1810,1946,1996,2174,1990,1846,1656,510
1428,1658,1838,1958,2008,2065,1978,1828,1641,514
1465,1672,1846,1955,2001,2043,1957,1831,1626,516
1480,1672,1845,1957,2002,2042,2098,1821,1610,517
1476,1695,1863,1974,2020,2034,1934,1799,1592,522
1516,1713,1880,1989,2040,2041,1939,1779,1562,525
1544,1732,2071,1989,2084,2020,1925,1751,1543,529
1561,1735,1898,1988,2094,2117,1910,1749,1529,1529
1578,1769,1911,2005,2194,2098,2039,1714,1498,534
1719,1781,1930,2004,2094,2006,1868,1705,1480,537
1625,1799,1927,2004,2079,1980,1860,1673,1465,542
1623,1816,1944,2004,2066,1991,1863,1671,1612,543
1654,1823,2111,2001,2054,2073,1852,1774,1426,545
1687,1845,1959,2007,2148,1958,1812,1625,1588,550
1689,1988,1959,2012,2031,2047,1815,1730,1468,552
1706,1862,2147,2016,2031,1940,1777,1578,1627,555
1715,1883,1976,2035,2025,1925,1767,1563,1966,558
1734,1887,1990,2071,2029,1928,1891,1541,2063,561
1749,1893,1990,2244,2008,1906,1734,1521,2214,564
1766,1912,2006,2098,2007,1899,1721,1511,2508,568
1804,1930,2002,2079,1987,1875,1703,1487,2458,571
1895,1926,1997,2074,1983,1875,1690,1483,2481,572
1810,1927,2004,2080,1974,1860,1663,1463,2530,576
1835,1943,2009,2065,1985,1828,1641,1434,2537,579
1851,2086,2184,2044,1956,1831,1626,1417,2541,582
1867,1965,2009,2035,1939,1795,1610,1461,2530,585
1862,1957,2003,2035,1940,1897,1596,1630,2466,587
1872,2140,2006,2036,1928,1780,1578,1645,2116,591
1897,1975,2035,2019,1909,1764,1539,1872,1497,594
1906,1992,2060,2005,2019,1735,1526,2139,948,597
1909,1993,2082,2010,1886,1720,1512,2400,550,600
1930,1988,2096,2161,1880,1701,1637,2361,273,603
2040,2008,2097,1989,1867,1689,1478,2468,52,606
1944,2003,2081,1974,1843,1663,1452,2513,0,609
1937,2006,2069,1973,1828,1654,1431,2526,0,612
1938,2008,2066,1964,1829,1635,1431,2529,0,614
1962,2005,2050,1965,1792,1612,1435,2540,0,618
2104,2007,2039,1941,1787,1592,1481,2508,0,621
1978,2006,2035,1937,1775,1572,1581,2393,143,623
1988,2016,2022,1928,1747,1561,1867,1956,0,627
1984,2210,2022,1911,1729,1529,2049,1381,0,630
1985,2066,2026,1892,1732,1528,2151,1009,0,632
2000,2099,2010,1900,1700,1490,2294,511,0,636
1999,2090,2192,1878,1685,1479,2428,185,158,640
2008,2096,2011,1886,1687,1479,2439,190,153,641
2013,2240,1990,1849,1653,1446,2511,89,0,645
2007,2255,1973,1835,1626,1435,2718,0,0,648
2010,2065,1974,1834,1625,1415,2522,0,0,650
2010,2052,2146,1801,1596,1429,2538,0,0,654
2021,2036,1953,1781,1579,1547,2449,0,0,657
2023,2034,1946,1958,1561,1572,2371,103,0,659
2046,2018,1930,1751,1545,1955,1898,0,0,663
0,0,127,537,1279,1545,1753,1914,1990,359
7,0,0,572,1300,1544,1823,1908,1988,360
0,0,0,1059,1332,1576,1767,1932,2002,366
0,0,0,914,1349,1578,1765,1926,2004,366
0,0,0,1080,1396,1625,1917,1939,2004,372
0,0,0,1079,1401,1723,1821,1944,2012,372
0,0,0,1139,1435,1658,1842,2060,2006,377
0,0,0,1137,1449,1661,1844,1951,2003,379
100,0,0,1158,1448,1670,1844,1957,2023,380
0,0,142,1223,1503,1701,1868,1973,2016,386
0,9,145,1233,1517,1718,2004,1985,2018,388
0,0,1,1251,1525,1734,1891,1989,2117,389
0,115,437,1477,1570,1745,1914,2001,2072,394
0,0,655,1320,1576,1770,1926,2010,2109,2109
0,0,1008,1328,1594,1780,1931,2019,2116,400
0,0,979,1368,1608,1797,1945,2017,2109,403
10,0,1222,1379,1622,1807,1941,2019,2217,405
0,0,1255,1579,1762,1832,1961,2022,2083,408
0,0,1279,1436,1674,1845,1955,2019,2085,411
0,0,1151,1465,1809,1863,1965,2023,2066,415
0,127,1183,1481,1706,1881,1973,2019,2052,419
0,0,1205,1501,1716,1872,1984,2020,2054,420
0,0,1237,1518,1740,1899,1980,2036,2039,423
0,117,1253,1541,1750,1912,2007,2050,2037,427
0,428,1279,1561,1765,1905,2007,2081,2025,429
103,792,1317,1598,1778,1922,2114,2114,2022,433
0,892,1333,1724,1806,1941,2004,2114,2002,435
0,982,1351,1614,1813,1939,2022,2094,2005,437
0,1065,1401,1643,1831,1951,2022,2078,1990,442
0,1101,1404,1643,1828,1955,2016,2079,1992,444
96,1138,1434,1671,1855,1966,2019,2064,1979,448
0,1172,1464,1689,1979,1964,2019,2042,1953,450
0,1190,1461,1710,1975,2068,2018,2053,1963,452
6,1221,1637,1718,1892,1989,2022,2035,1942,456
255,1253,1540,1741,1908,1994,2050,2039,1924,460
686,1279,1555,1769,1916,2005,2073,2138,1917,462
924,1304,1563,1784,1929,2006,2110,2019,1906,466
1073,1333,1595,1804,1941,1998,2111,2002,1896,468
1150,1350,1598,1796,1943,2005,2100,2122,1876,471
1075,1539,1614,1822,1940,2006,2094,1988,2038,474
1112,1405,1637,1832,1958,2018,2081,1993,1839,477
1136,1417,1652,1845,1960,2022,2180,1982,2020,480
1162,1450,1829,1863,1968,2019,2048,2096,1811,484
1171,1448,1671,1860,1974,2003,2054,1963,1822,485
1218,1485,1703,1873,1984,2017,2033,1945,1798,489
1250,1496,1717,1888,1991,2034,2033,1930,1946,492
1279,1531,1732,1915,2087,2062,2022,1925,1744,495
1430,1566,1752,1906,2002,2096,2163,1911,1722,499
1331,1581,1762,1920,2003,2093,2010,1891,1718,501
1342,1577,1782,1923,2105,2093,2009,1871,1703,504
1378,1614,1799,1943,2004,2080,1987,1863,1678,507
1398,1782,1816,2075,2006,2090,1986,1837,1654,510
1431,1659,1830,2021,2006,2156,1975,1831,1626,514
1448,1798,1847,1956,2003,2050,1959,1813,1608,516
1465,1672,1838,2090,2006,2049,1964,1816,1604,519
1497,1683,1875,1974,2022,2034,2094,1792,1581,523
1513,1707,1871,1973,2034,2042,1943,1780,1730,525
1546,1745,1896,1987,2086,2016,1923,1753,1545,529
1548,1909,1892,1991,2103,2021,1903,1751,1536,530
1577,1766,1911,2006,2196,2002,2027,1718,1491,534
1728,1766,1934,2004,2099,2006,2017,1697,1480,537
1628,1798,1929,2135,2082,1991,2002,1669,1449,542
1751,1815,1944,1997,2068,1976,1843,1743,1453,543
1641,1813,1943,2008,2068,1976,1842,1640,1438,545
1671,1852,1969,2003,2056,1956,1812,1625,1436,550
1688,1845,1950,2008,2034,2074,1812,1695,1469,552
1703,1863,1978,2004,2026,1941,1780,1575,1610,555
1735,1875,1977,2037,2017,1922,1768,1564,1848,1848
1733,1879,1988,2060,2020,1923,1749,1551,2056,561
1759,1893,1990,2079,2012,1911,1737,1523,2182,564
1782,1921,2149,2092,2009,1890,1720,1497,2348,568
1797,1911,2007,2084,1988,1881,1700,1489,2447,571
1798,2045,2006,2081,1987,1868,1688,1478,2478,572
1808,1922,2003,2066,1978,1839,1670,1448,2504,576
1834,1935,2005,2207,1972,1838,1768,1427,2553,579
1973,2085,2018,2044,1949,1826,1746,1418,2539,582
1858,1958,2000,2038,2050,1799,1593,1475,2513,586
1865,1960,2014,2193,1943,1796,1593,1500,2482,587
1878,1976,2015,2018,1927,1780,1577,1674,2068,591
1901,2117,2042,2018,1910,1766,1538,1877,1561,594
1895,1989,2066,2005,1909,1734,1530,2126,995,597
1915,1990,2079,2013,1895,1710,1513,2370,621,600
1931,1988,2277,1994,1875,1702,1495,2362,363,603
2057,2009,2081,1993,1973,1684,1484,2580,22,606
2046,2004,2241,2114,1849,1674,1448,2512,0,610
1945,1998,2065,1976,1829,1644,1432,2528,0,612
1943,2002,2067,1976,1837,1643,1427,2676,0,614
1958,2006,2048,1961,1907,1608,1436,2530,0,618
1974,1998,2216,1945,1796,1589,1624,2512,0,621
1979,1999,2039,1942,1778,1580,1720,2381,0,623
1993,2019,2029,1924,1770,1555,1751,1966,105,627
1988,2050,2023,2054,1736,1536,2050,1402,0,630
1985,2173,2019,1911,1728,1525,2141,1006,0,632
2000,2094,2003,1888,1703,1494,2427,502,0,636
1999,2090,2005,1873,1686,1477,2412,239,0,640
2006,2100,1991,1878,1688,1459,2443,154,0,641
2005,2083,1993,1847,1649,1451,2512,97,0,645
2008,2168,1976,1823,1641,1430,2531,0,0,648
2008,2068,1974,1954,1622,1414,2536,0,0,650
2005,2046,1956,1796,1589,1427,2640,0,0,654
2009,2035,1936,1792,1659,1543,2456,0,8,657
2116,2043,1941,1785,1555,1581,2363,0,0,658
2069,2028,1937,1764,1542,1827,1807,0,0,663
0,0,0,539,1279,1545,1743,2007,1987,359
84,0,0,555,1300,1554,1749,1914,1984,360
0,0,140,873,1336,1580,1762,1910,2003,366
0,0,0,917,1331,1577,1773,2058,2004,367
0,0,0,1076,1404,1628,1812,1934,2005,371
0,0,0,1073,1404,1626,1813,2067,2000,372
0,0,141,1141,1434,1653,1828,1956,2019,377
0,0,0,1138,1442,1653,1848,1955,1999,379
108,0,0,1311,1462,1671,1855,1958,2025,380
0,143,0,1220,1599,1695,1877,1988,2018,386
0,0,0,1231,1516,1711,1886,1981,2017,2017
0,0,0,1392,1524,1718,1895,1995,2039,389
0,0,380,1444,1559,1750,1920,2001,2085,394
0,0,706,1317,1576,1766,1932,1997,2212,2212
0,0,806,1331,1597,1792,1929,2007,2119,400
0,0,975,1363,1613,1800,1942,2020,2107,403
0,0,1023,1382,1755,1815,1938,2017,2093,405
0,96,1080,1416,1656,1934,1960,2023,2073,408
0,109,1113,1436,1652,1837,1956,2153,2086,411
0,0,1151,1469,1682,1970,1972,2020,2068,415
0,0,1191,1482,1697,1876,1969,2019,2047,418
0,0,1203,1497,1718,1985,1965,2024,2109,420
0,0,1236,1516,1740,1895,1981,2036,2030,423
0,119,1253,1552,1750,1910,1997,2047,2037,427
0,454,1443,1565,1768,1902,2004,2102,2021,429
0,756,1322,1573,1781,1924,1998,2111,2024,432
0,1061,1336,1607,1798,1932,2170,2111,2008,435
0,977,1350,1616,1812,2056,2023,2233,2001,437
0,1197,1537,1641,1829,1942,2020,2081,1988,442
0,1095,1405,1651,1841,1957,2022,2087,1989,444
0,1138,1429,1669,1860,1953,2021,2066,1969,447
0,1172,1462,1688,1989,1974,2019,2043,1956,451
0,1187,1465,1701,1881,1971,2018,2049,2066,452
0,1217,1494,1717,1897,1988,2014,2037,1951,456
240,1260,1514,1740,1912,1988,2055,2042,1929,460
634,1443,1547,1764,1910,2004,2084,2016,1910,462
789,1299,1565,1767,1929,2003,2115,2166,1907,466
958,1332,1579,1782,1926,2007,2111,2007,1889,468
1009,1353,1589,1800,1942,2121,2094,2007,1982,471
1055,1368,1604,1813,1934,2008,2091,1993,1858,474
1114,1401,1630,1832,1958,2114,2084,1998,1843,478
1129,1411,1812,1844,1956,2018,2067,1968,1843,480
1167,1433,1840,1860,1973,2122,2053,1962,1816,484
1311,1585,1670,1863,1972,2004,2062,1966,1813,485
1220,1481,1702,1874,1988,2019,2034,1945,1792,489
1251,1517,1720,1896,1987,2034,2030,1949,1766,492
1267,1536,1921,1911,2101,2172,2026,1926,1751,495
1315,1563,1747,1910,2003,2100,2006,1918,1733,499
1330,1566,1767,1926,2001,2093,2008,1891,1724,501
1348,1582,1782,1928,2007,2096,2004,1886,1849,504
1377,1609,1797,1942,2000,2085,1997,1854,1670,507
1402,1627,1809,1942,1997,2079,1994,1858,1655,510
1430,1648,1835,1963,2001,2051,1971,1827,1625,514
1454,1811,1848,1964,2003,2049,1964,1813,1629,516
1580,1671,1851,1960,2006,2045,1953,1813,1609,519
1484,1698,1863,1969,2022,2038,2093,1798,1576,523
1515,1707,1873,2126,2040,2032,1943,1785,1564,525
1525,1735,1892,1990,2074,2030,1909,1756,1539,529
1545,1736,2058,1991,2097,2020,1910,1749,1536,530
1581,1765,1911,2001,2103,2009,1891,1717,1497,535
1694,1770,1929,2005,2091,1999,1871,1704,1481,537
1632,1793,2087,2156,2083,1984,1853,1671,1466,541
1629,1792,1941,2003,2067,1991,1969,1802,1451,543
1654,1807,1942,2004,2164,1974,1828,1645,1431,545
1669,1832,1958,2006,2050,1961,1954,1625,1438,550
1688,1844,1957,2005,2040,1964,1943,1613,1468,552
1703,1868,1972,2007,2037,1940,1780,1577,1602,555
1721,1875,1974,2033,2012,1928,1902,1561,1796,558
1727,1869,1990,2049,2021,1923,1748,1542,2054,561
1855,1891,1992,2235,2117,1920,1735,1526,2179,564
1767,1912,1992,2100,2120,1897,1721,1505,2332,568
1795,1910,2005,2084,1991,1868,1702,1479,2432,571
1793,2077,2007,2085,1989,1861,1687,1468,2366,572
1814,1930,2010,2084,1977,1863,1676,1452,2231,576
1826,1940,2005,2066,1977,1843,1642,1436,1973,579
1841,1936,2008,2045,1955,1827,1640,1416,1574,582
1862,1958,2010,2028,1940,1797,1594,1476,1626,586
1854,1961,2006,2175,1941,1907,1752,1481,1336,587
1874,1984,2020,2021,1926,1781,1557,1668,703,591
1895,2126,2040,2020,1911,1758,1545,1879,467,594
1896,1988,2065,2009,1887,1753,1530,2131,276,597
1912,1992,2099,2006,1896,1717,1519,2262,221,600
1931,1981,2092,2011,1877,1701,1496,2352,188,603
1927,2002,2096,1990,1854,1682,1621,2422,157,606
2066,1999,2078,1976,1847,1670,1445,2452,297,609
2063,2001,2070,1972,1829,1757,1435,2369,190,612
1941,2005,2069,1974,1836,1645,1433,2244,221,614
1958,2005,2190,1958,1796,1612,1426,1800,255,618
1986,2014,2031,1935,1780,1594,1497,1205,287,621
1978,2004,2036,1943,1895,1577,1578,1007,100,623
1997,2021,2038,1927,1766,1564,1741,551,25,627
1991,2043,2026,1911,1846,1548,2022,327,47,630
1985,2069,2181,1914,1737,1529,2147,273,48,632
2001,2096,2008,1892,1827,1504,2303,203,84,636
2001,2092,2004,1875,1679,1474,2533,191,155,640
2006,2092,2006,1869,1694,1480,2549,190,103,641
2007,2082,1991,1843,1661,1448,2238,171,189,645
2136,2061,1977,1971,1640,1432,2351,154,205,648
2001,2248,1979,1831,1629,1422,2175,136,172,650
2007,2052,1951,1813,1593,1435,1087,155,84,654
2023,2035,1943,1785,1581,1529,1011,99,156,657
2024,2034,1939,1782,1560,1592,735,101,119,659
2033,2029,1930,1743,1545,1913,452,225,11,663
0,0,0,556,1300,1656,1745,1912,2166,359
123,0,0,589,1299,1544,1751,1914,2007,360
0,0,0,915,1458,1573,1777,2069,2010,366
0,0,0,930,1343,1577,1774,1928,1998,367
7,141,0,1080,1520,1632,1817,1942,2006,371
0,0,0,1079,1399,1632,1815,1940,2008,372
0,0,0,1318,1444,1655,1846,1954,2019,377
0,0,0,1279,1447,1655,1846,1960,2022,379
0,0,0,1170,1465,1663,2011,1953,2019,381
100,0,0,1219,1500,1717,1876,1970,2019,386
0,0,0,1233,1514,1721,1893,2137,2022,388
0,135,0,1250,1529,1721,2032,2136,2040,389
0,0,349,1279,1561,1753,2052,2013,2084,394
0,0,701,1321,1571,1765,1930,2011,2120,396
10,0,958,1329,1711,1785,1923,2019,2111,400
0,0,979,1366,1629,1800,1941,2019,2105,403
0,0,1049,1382,1622,1812,1943,2014,2171,405
9,109,1080,1418,1655,1828,2118,2103,2084,408
0,103,1113,1434,1668,1970,1969,2096,2173,412
0,0,1151,1461,1687,1981,1968,2019,2069,415
0,0,1188,1481,1697,1877,1975,2022,2054,418
0,0,1207,1663,1722,1878,1987,2020,2168,420
0,0,1240,1536,1738,1891,1999,2033,2039,424
0,103,1255,1546,1746,1909,1997,2050,2033,426
0,471,1279,1564,1768,1913,2106,2092,2131,429
0,767,1317,1596,1800,1924,2006,2105,2033,433
0,900,1333,1613,1800,1941,2014,2241,1999,435
0,978,1349,1614,1909,1935,2022,2104,2007,437
0,1240,1400,1643,1827,1953,2016,2084,1986,443
0,1077,1397,1649,1951,1956,2018,2084,1994,444
0,1139,1434,1672,1859,1976,2016,2067,1978,447
0,1352,1461,1704,1868,1971,2152,2050,1959,451
0,1183,1463,1703,1881,1972,2021,2049,2020,2020
0,1222,1493,1715,1887,2110,2033,2144,1947,456
274,1249,1678,1729,1904,1986,2171,2033,1920,459
719,1279,1552,1767,1926,2002,2093,2020,1909,463
789,1301,1560,1778,1934,2005,2094,2019,1911,466
977,1334,1582,1799,1945,2007,2107,2007,1889,468
1011,1334,1591,1792,1942,2022,2097,2012,1875,471
1055,1363,1610,1811,1945,2019,2240,2003,1884,474
1112,1562,1643,1830,1960,2123,2094,1990,1842,477
1128,1416,1654,1845,1956,2016,2066,1976,1850,480
1163,1450,1823,1860,1972,2016,2047,1972,1924,484
1183,1452,1679,1855,1971,2022,2044,1955,1808,485
1212,1651,1705,1883,1971,2022,2051,1956,1792,489
1249,1498,1728,1891,1988,2034,2162,1948,1765,492
1278,1536,1729,1913,2003,2063,2022,1959,1834,495
1315,1719,1767,1929,2004,2099,2023,1912,1731,499
1332,1731,1760,1923,1997,2091,2007,1892,1717,501
1367,1575,1784,2076,2006,2099,2005,1871,1701,504
1381,1615,1799,1945,2003,2078,1989,1863,1670,508
1399,1629,1814,2100,2006,2206,1994,1847,1655,510
1431,1798,1828,1961,2007,2064,1971,1828,1644,514
1559,1659,1845,1961,2002,2048,1964,1829,1627,516
1464,1670,1868,1966,2003,2046,1961,1816,1607,519
1484,1688,2019,1973,2020,2027,1942,1794,1575,522
1632,1706,1877,1985,2040,2029,1946,1912,1557,525
1631,1737,1892,1986,2086,2021,1920,1750,1538,529
1561,1733,1893,1991,2099,2136,2063,1761,1536,530
1577,1892,1916,2185,2100,2017,1891,1719,1497,535
1599,1770,1928,2003,2098,2013,1897,1703,1481,537
1633,1798,1940,2015,2196,1999,1861,1687,1465,541
1640,1807,1941,2000,2073,1999,1858,1671,1599,543
1656,1807,1942,2008,2049,1981,1842,1723,1439,545
1686,1989,2114,1999,2050,1961,1809,1625,1435,550
1687,1838,2107,2156,2056,2064,1813,1605,1464,552
1819,2014,1969,2002,2027,2056,1786,1593,1593,555
1735,1875,1975,2179,2019,1928,1766,1555,1880,558
1735,1897,1990,2070,2029,1902,1764,1538,2059,561
1872,1889,1990,2075,2003,1913,1733,1652,2191,564
1768,2053,1986,2267,2005,1884,1820,1498,2333,568
1792,1928,2003,2078,1992,1875,1705,1475,2566,570
1805,1928,2162,2084,1990,1874,1798,1484,2469,572
1813,1922,2005,2082,1974,1860,1673,1574,2494,576
1828,1943,1999,2066,1976,1831,1640,1433,2516,580
1844,2085,2008,2058,1953,1834,1630,1419,2540,582
1867,1961,2007,2035,1948,1792,1608,1466,2501,586
1862,1957,1997,2039,2075,1797,1593,1482,2635,587
1874,1978,2023,2023,1926,1786,1577,1652,2063,591
1889,1989,2034,2024,1912,1759,1543,1892,1561,594
1912,1990,2064,2004,1907,1730,1530,2147,999,597
1905,1989,2079,2007,1885,1721,1508,2254,573,600
1928,1990,2096,2001,1872,1708,1492,2352,291,603
1928,2007,2095,2151,1854,1686,1464,2436,67,606
1946,2004,2083,1975,1843,1670,1447,2503,0,610
1941,2004,2064,1976,1832,1656,1436,2514,0,612
2107,2003,2076,2121,1831,1636,1432,2516,0,614
1963,1999,2210,2106,1819,1728,1429,2514,0,618
1975,2003,2035,1945,1782,1707,1501,2494,0,621
1972,2006,2036,2094,1785,1577,1562,2411,0,623
1987,2022,2028,1924,1762,1561,1735,2037,0,627
1986,2039,2025,1913,1747,1543,2007,1446,0,630
1990,2070,2202,1913,1733,1536,2148,1023,0,632
2010,2089,2010,1892,1703,1496,2303,664,0,636
2007,2094,2001,1875,1686,1479,2409,445,134,640
2002,2101,2007,1870,1686,1481,2574,186,0,641
2005,2083,1991,2013,1658,1446,2492,0,0,645
2020,2064,1976,1831,1627,1432,2526,0,135,648
2009,2064,1972,1828,1630,1410,2537,0,0,650
2140,2049,1954,1812,1594,1435,2528,0,0,654
2017,2036,1939,1782,1577,1530,2472,0,0,657
2025,2034,1946,1940,1560,1578,2367,0,92,659
2035,2036,1920,1765,1591,1781,1846,107,0,663
0,0,0,556,1302,1545,1750,2050,2006,359
6,0,0,590,1300,1546,1752,1904,2001,360
0,173,0,927,1352,1586,1782,1930,2001,366
0,153,0,927,1348,1695,1781,1920,1996,366
0,0,0,1078,1536,1626,1808,1935,2011,371
98,0,137,1076,1399,1626,1806,1945,2011,372
8,0,0,1135,1449,1656,1848,1961,2023,377
6,135,0,1309,1449,1674,1844,1957,2024,379
6,0,0,1170,1459,1777,1868,1954,2017,380
0,0,0,1220,1492,1720,1878,1992,2030,386
0,9,0,1239,1507,1718,1892,1987,2035,388
0,0,0,1252,1526,1733,1892,1992,2038,389
22,0,418,1302,1555,1748,1914,1997,2098,394
0,0,701,1471,1581,1780,1922,2161,2255,396
25,0,825,1329,1588,1783,1920,2017,2105,400
22,0,979,1360,1630,1796,1942,2019,2105,403
7,0,1023,1383,1637,1816,1937,2030,2098,405
0,0,1076,1416,1656,1821,1959,2019,2098,408
0,0,1111,1579,1676,1847,1968,2017,2226,411
0,0,1158,1469,1687,1859,1972,2018,2065,415
0,0,1186,1481,1706,1869,1974,2016,2218,418
0,0,1203,1498,1721,1875,1987,2013,2044,420
0,0,1242,1511,1737,1892,2113,2040,2054,423
0,189,1269,1549,1772,1909,1996,2065,2035,427
0,601,1279,1557,1764,1910,2007,2072,2033,429
0,788,1317,1663,1796,1930,2024,2110,2022,433
0,894,1340,1611,1798,1953,2019,2109,2025,435
0,1165,1369,1625,1817,1948,2024,2111,2009,437
73,1073,1402,1643,1846,1964,2026,2079,1996,442
0,1082,1532,1652,1843,1959,2019,2082,1999,444
0,1137,1449,1690,1860,2079,2139,2074,1974,448
0,1167,1466,1709,1884,1972,2140,2055,1960,451
0,1190,1467,1704,1878,1971,2019,2201,1957,452
21,1222,1502,1718,1887,1989,2034,2038,1935,456
255,1255,1531,1750,1904,2004,2050,2038,1950,459
700,1279,1545,1765,1927,2004,2089,2019,1913,463
819,1304,1564,1782,1929,2003,2111,2025,1907,1907
958,1334,1597,1799,1938,2007,2111,2004,1887,468
1006,1328,1596,1793,1945,2019,2111,2006,2017,471
1023,1366,1613,1814,1945,2026,2099,2006,1876,474
1237,1395,1644,1830,1955,2144,2087,2127,1843,477
1120,1419,1660,1854,2091,2014,2065,2141,1962,480
1180,1452,1833,1860,1971,2021,2053,1980,1821,484
1183,1450,1690,1855,2092,2134,2174,1965,1808,485
1317,1476,1864,1871,1988,2133,2050,1963,1796,489
1249,1515,1719,1891,2061,2044,2027,2100,1887,492
1388,1530,1739,2057,2009,2063,2034,1930,1749,495
1315,1559,1767,1926,1996,2092,2017,1914,1735,498
1350,1728,1918,1927,2001,2120,2006,1999,1720,501
1351,1590,1781,1920,2003,2099,2000,1890,1701,504
1383,1778,1942,1945,2001,2099,1987,1876,1689,507
1404,1629,1815,1959,2006,2079,1989,1865,1649,510
1436,1657,1827,1959,2007,2068,1978,1844,1758,514
1465,1673,1843,1969,2004,2049,1974,1831,1618,516
1580,1843,1855,1973,1996,2054,1962,1808,1607,519
1500,1701,1884,1981,2025,2033,1944,1805,1577,523
1514,1719,1881,1989,2033,2028,1939,1783,1567,525
1543,1729,1892,1990,2218,2149,1929,1762,1543,528
1544,1730,1907,2005,2097,2021,1911,1876,1532,530
1579,1761,1933,2011,2097,2006,1890,1718,1500,535
1596,1779,1930,2002,2227,2002,1891,1703,1483,537
1624,1796,1949,2004,2213,1992,1870,1672,1464,541
1628,1820,1946,2006,2060,2109,1865,1674,1449,543
1645,1825,1941,2130,2063,1979,1842,1649,1434,545
1675,1846,1957,2004,2050,1964,1807,1620,1436,550
1691,1987,1958,2119,2037,1953,1810,1614,1464,551
1703,1855,1975,2023,2154,1943,1781,1578,1625,555
1734,1874,1992,2036,2019,1926,1775,1562,1892,558
1743,1892,2128,2063,2025,1927,1750,1545,2035,561
1759,2046,1998,2096,2131,1910,1732,1528,2207,564
1785,1912,1992,2221,2009,1891,1720,1495,2347,568
1786,1929,2004,2096,1991,1884,1705,1481,2434,571
1799,1926,2004,2232,1990,1868,1682,1489,2469,572
1811,1925,1999,2079,1979,2000,1670,1452,2499,576
1994,1942,2008,2069,1973,1845,1638,1431,2504,579
1840,1942,2001,2050,1961,1829,1624,1436,2508,582
2008,1956,2005,2035,1945,1816,1613,1464,2577,585
1863,2103,2000,2157,2068,1794,1591,1496,2485,587
1873,1971,1999,2022,1931,1776,1569,1723,2146,591
1892,1993,2038,2019,1910,1765,1543,1876,1609,594
1920,1981,2229,2025,1913,1750,1529,2127,1058,597
1906,1987,2096,2006,1886,1718,1591,2270,598,600
1929,2001,2091,1999,1875,1700,1495,2470,330,603
1933,2008,2096,1989,1858,1688,1480,2439,127,606
1942,2005,2081,1976,1842,1670,1447,2606,0,610
1946,2009,2061,1978,1836,1648,1432,2524,0,612
1944,2004,2065,1977,1828,1756,1430,2513,0,614
1953,2002,2049,1965,1815,1607,1432,2513,0,618
1970,2003,2048,1947,1796,1590,1481,2617,0,621
2097,2010,2034,1945,1784,1576,1562,2416,0,623
1991,2019,2046,1925,1766,1558,1734,2005,0,627
1989,2048,2024,1916,1735,1548,2026,1443,0,630
1993,2068,2021,1907,1737,1529,2138,1078,0,632
2138,2096,2002,1890,1704,1491,2303,536,0,636
2001,2092,2013,1877,1680,1484,2411,223,0,640
1998,2097,2011,1873,1685,1479,2428,188,0,641
2007,2075,1991,1840,1653,1448,2492,0,0,645
2006,2063,1977,1831,1637,1426,2516,0,94,648
2006,2217,1970,1828,1624,1414,2505,0,0,650
2017,2044,1959,1934,1588,1426,2512,0,113,654
2024,2033,1936,1784,1576,1528,2467,0,275,657
2147,2038,1939,1782,1554,1577,2374,0,0,658
2053,2037,1927,1769,1547,1925,1844,0,0,663
0,0,0,537,1293,1548,1750,1911,2006,359
7,0,0,600,1299,1548,1753,1909,2072,360
10,158,0,927,1349,1698,1781,1924,2001,366
0,137,0,927,1350,1578,1779,1929,2005,366
0,152,0,1076,1404,1627,1812,1948,2005,371
0,0,0,1202,1400,1624,1807,1947,2016,372
0,0,0,1144,1447,1662,1844,1961,2018,377
0,0,0,1159,1455,1678,1842,1951,2022,379
0,0,0,1170,1459,1663,1863,1979,2016,380
113,0,0,1222,1503,1700,1873,1966,2025,386
0,0,0,1239,1520,1717,1869,1990,2026,387
0,0,10,1253,1636,1743,1899,1988,2049,389
0,0,420,1295,1555,1879,1910,2003,2079,394
0,123,704,1319,1571,1766,2013,2010,2241,396
83,0,821,1329,1594,1784,1922,2123,2114,400
120,24,978,1365,1625,1792,1940,2019,2115,403
0,0,0,1375,1743,1812,1942,2019,2097,405
24,0,1078,1420,1657,1830,1957,2021,2104,408
0,0,1114,1434,1671,1842,1968,2018,2086,411
0,0,1149,1468,1690,1860,1970,2018,2063,414
0,0,1186,1481,1716,1879,1983,2026,2044,418
0,0,1206,1606,1713,1887,1993,2023,2045,420
0,0,1233,1513,1732,1892,1985,2035,2050,423
0,224,1404,1545,1766,2042,2002,2060,2034,427
0,532,1279,1561,1768,1910,2004,2079,2037,429
0,806,1319,1593,1899,1925,2017,2108,2022,433
90,896,1331,1607,1801,1943,2012,2232,2021,435
0,0,1499,1629,1816,1942,2137,2111,2007,437
0,1080,1400,1642,1941,1960,2019,2081,1990,442
92,1098,1530,1649,1851,2088,2014,2078,1999,444
0,1139,1433,1689,1860,1980,2018,2071,1981,448
0,1175,1465,1702,1993,1975,2016,2047,1962,451
0,1188,1468,1701,1869,2090,2025,2057,1953,452
81,1217,1501,1735,1891,1985,2139,2050,1944,456
345,1247,1648,1749,1911,2000,2057,2040,1920,460
653,1279,1546,1766,1920,2004,2092,2035,1913,463
821,1304,1561,1902,2037,1999,2224,2029,1908,466
990,1333,1580,1795,2051,2120,2117,2002,1899,468
1023,1343,1598,1803,1944,2138,2116,2016,2042,471
1072,1367,1731,1813,1940,2017,2093,2010,1872,474
1106,1404,1643,1832,1956,2025,2079,1993,1843,477
1132,1420,1657,1850,1954,2027,2064,1989,1848,480
1188,1557,1663,1863,1972,2020,2051,1972,1812,484
1300,1449,1690,1864,1978,2022,2050,1971,1820,485
1343,1481,1703,1869,1991,2016,2041,1959,1797,489
1255,1514,1725,1892,1980,2034,2038,1945,1760,492
1279,1530,1733,1904,1981,2068,2037,1920,1763,495
1314,1558,1770,1929,2004,2089,2021,1913,1743,499
1335,1702,1784,1927,1997,2111,2014,1892,1717,501
1366,1716,1782,2066,2009,2200,2006,1892,1706,504
1384,1609,1803,1942,2008,2082,1989,1858,1668,508
1404,1626,1813,1936,2091,2081,1987,1859,1659,510
1427,1659,1829,1956,2007,2067,1971,1828,1642,514
1448,1663,1844,1955,1996,2047,1969,1831,1627,516
1463,1672,1851,1973,2101,2050,1963,1811,1611,519
1504,1699,1861,1973,2019,2034,1938,1944,1580,523
1629,1703,1869,1992,2037,2037,2050,1895,1577,525
1657,1737,2016,1987,2083,2021,1932,1752,1542,528
1551,1884,1892,1996,2097,2021,1908,1884,1525,530
1579,1767,1910,2003,2096,2007,1897,1722,1497,534
1714,1782,1933,2007,2094,2003,1999,1698,1499,537
1626,1801,2075,2013,2074,1998,1861,1686,1608,541
1651,1815,1944,2004,2062,1991,1853,1669,1443,543
1641,1829,1939,2144,2071,2100,1846,1653,1433,545
1670,1852,1958,2143,2153,1971,1830,1617,1425,550
1686,1848,1961,2009,2033,1956,1812,1616,1457,552
1703,1854,1971,2140,2033,1944,1780,1588,1610,555
1731,1882,1965,2053,2013,1926,1766,1645,1877,558
1733,2026,1988,2066,2024,1924,1748,1543,2036,561
1749,1895,1993,2097,2001,1909,1743,1531,2210,564
1771,1910,1991,2094,2015,1897,1814,1504,2330,568
1792,1925,2003,2093,2066,1876,1710,1485,2444,570
1805,1932,2009,2088,1987,1881,1679,1480,2463,572
1817,1923,2005,2078,1973,1860,1670,1464,2496,576
1823,1945,2006,2064,1974,1838,1636,1438,2505,579
1963,1937,1998,2049,1959,1830,1627,1432,2517,582
1862,2096,2005,2035,1944,1796,1592,1481,2484,586
1855,1957,2003,2033,1947,1797,1588,1591,2467,587
1876,1972,2027,2020,1926,1784,1564,1695,2035,591
1893,1974,2169,2017,1924,1765,1633,1866,1525,594
1904,2121,2070,1999,1902,1732,1529,2142,972,597
1909,1984,2096,2006,1888,1718,1513,2258,637,600
1925,1988,2097,2004,1870,1706,1497,2364,255,603
1930,1999,2097,1989,1859,1687,1483,2440,63,606
1939,2004,2076,1977,1843,1775,1451,2499,0,610
1960,2002,2200,1977,1819,1646,1435,2628,0,612
1955,2153,2070,1978,1913,1641,1432,2522,0,614
1958,2015,2054,1951,1811,1631,1412,2504,0,618
1973,2004,2038,1944,1780,1593,1513,2479,0,621
1970,2005,2033,2064,1785,1576,1577,2387,100,623
1990,2019,2034,1923,1837,1554,1766,1965,0,627
